column,value,label_value,count,count_share,label_count,label_share,date
main_transit_mode,3,None of the above,117,0.975,117.0,0.975,2024-09-30
main_transit_mode,SDA_1_FLYER,Airport flyer shuttle,3,0.025,3.0,0.025,2024-09-30
main_mode,12.0,Dropped off by car by family/friend,35,0.29914529914529914,35.0,0.3017241379310345,2024-09-30
main_mode,10.0,Uber/Lyft,30,0.2564102564102564,30.0,0.25862068965517243,2024-09-30
main_mode,19.0,Rental car: Dropped off at rental agency,19,0.1623931623931624,19.0,0.16379310344827586,2024-09-30
main_mode,23.0,Picked up by car by family/friend,8,0.06837606837606838,8.0,0.06896551724137931,2024-09-30
main_mode,9.0,Taxi,4,0.03418803418803419,4.0,0.034482758620689655,2024-09-30
main_mode,13.0,Drove alone and parked,4,0.03418803418803419,4.0,0.034482758620689655,2024-09-30
main_mode,25.0,Get in a parked vehicle and drive alone,3,0.02564102564102564,3.0,0.02586206896551724,2024-09-30
main_mode,24.0,Get in a parked vehicle and drive with others,3,0.02564102564102564,3.0,0.02586206896551724,2024-09-30
main_mode,28.0,Rental car: get in a parked rental car,2,0.017094017094017096,2.0,0.017241379310344827,2024-09-30
main_mode,11.0,Car service/black car/limo/executive car,2,0.017094017094017096,2.0,0.017241379310344827,2024-09-30
main_mode,21.0,Hotel shuttle van,2,0.017094017094017096,2.0,0.017241379310344827,2024-09-30
main_mode,18.0,Employee shuttle,1,0.008547008547008548,1.0,0.008620689655172414,2024-09-30
main_mode,22.0,Other shared van (please specify),1,0.008547008547008548,1.0,0.008620689655172414,2024-09-30
main_mode,16.0,Drove with others and parked,1,0.008547008547008548,1.0,0.008620689655172414,2024-09-30
main_mode,14.0,Rental car: parked rental car,1,0.008547008547008548,1.0,0.008620689655172414,2024-09-30
main_mode,20.0,,1,0.008547008547008548,,,2024-09-30
access_mode,13.0,Drove alone and parked,2,0.5,2.0,0.5,2024-09-30
access_mode,1.0,Walk,1,0.25,1.0,0.25,2024-09-30
access_mode,12.0,Dropped off by car by family/friend,1,0.25,1.0,0.25,2024-09-30
reverse_mode,13.0,Drove alone and parked,1,0.5,1.0,0.5,2024-09-30
reverse_mode,12.0,Dropped off by car by family/friend,1,0.5,1.0,0.5,2024-09-30
reverse_mode_predicted,12.0,Dropped off by car by family/friend,6,0.42857142857142855,6.0,0.42857142857142855,2024-09-30
reverse_mode_predicted,10.0,Uber/Lyft,5,0.35714285714285715,5.0,0.35714285714285715,2024-09-30
reverse_mode_predicted,9.0,Taxi,2,0.14285714285714285,2.0,0.14285714285714285,2024-09-30
reverse_mode_predicted,11.0,Car service/black car/limo/executive car,1,0.07142857142857142,1.0,0.07142857142857142,2024-09-30
other_airport_accessmode,12.0,DROPPED OFF BY CAR BY FRIEND FAMILY,7,0.5,7.0,0.5,2024-09-30
other_airport_accessmode,14.0,DROVE WITH OTHERS AND PARKED,2,0.14285714285714285,2.0,0.14285714285714285,2024-09-30
other_airport_accessmode,20.0,RENTAL CAR AND PARKED IT,2,0.14285714285714285,2.0,0.14285714285714285,2024-09-30
other_airport_accessmode,17.0,CHARTERED TOUR BUS,1,0.07142857142857142,1.0,0.07142857142857142,2024-09-30
other_airport_accessmode,13.0,DROVE ALONE AND PARKED,1,0.07142857142857142,1.0,0.07142857142857142,2024-09-30
other_airport_accessmode,10.0,UBER LYFT,1,0.07142857142857142,1.0,0.07142857142857142,2024-09-30
reverse_commute_mode,13.0,Get in a parked vehicle and drive alone,3,0.75,3.0,0.75,2024-09-30
reverse_commute_mode,18.0,Other public transit,1,0.25,1.0,0.25,2024-09-30
main_transit_mode,3,None of the above,275,0.9581881533101045,275.0,0.9581881533101045,2024-10-01
main_transit_mode,SDA_1_FLYER,Airport flyer shuttle,7,0.024390243902439025,7.0,0.024390243902439025,2024-10-01
main_transit_mode,MTS_1_992,MTS Route 992,5,0.017421602787456445,5.0,0.017421602787456445,2024-10-01
main_mode,12.0,Dropped off by car by family/friend,99,0.36,99.0,0.36,2024-10-01
main_mode,10.0,Uber/Lyft,90,0.32727272727272727,90.0,0.32727272727272727,2024-10-01
main_mode,13.0,Drove alone and parked,24,0.08727272727272728,24.0,0.08727272727272728,2024-10-01
main_mode,19.0,Rental car: Dropped off at rental agency,18,0.06545454545454546,18.0,0.06545454545454546,2024-10-01
main_mode,9.0,Taxi,7,0.025454545454545455,7.0,0.025454545454545455,2024-10-01
main_mode,21.0,Hotel shuttle van,6,0.02181818181818182,6.0,0.02181818181818182,2024-10-01
main_mode,30.0,Other public transit,5,0.01818181818181818,5.0,0.01818181818181818,2024-10-01
main_mode,14.0,Drove with others and parked,5,0.01818181818181818,5.0,0.01818181818181818,2024-10-01
main_mode,23.0,Picked up by car by family/friend,4,0.014545454545454545,4.0,0.014545454545454545,2024-10-01
main_mode,24.0,Get in a parked vehicle and drive alone,3,0.01090909090909091,3.0,0.01090909090909091,2024-10-01
main_mode,18.0,Employee shuttle,2,0.007272727272727273,2.0,0.007272727272727273,2024-10-01
main_mode,27.0,Rental car: Picked up at rental agency,2,0.007272727272727273,2.0,0.007272727272727273,2024-10-01
main_mode,20.0,Rental car: parked rental car,2,0.007272727272727273,2.0,0.007272727272727273,2024-10-01
main_mode,11.0,Car service/black car/limo/executive car,2,0.007272727272727273,2.0,0.007272727272727273,2024-10-01
main_mode,29.0,Rode with other traveler(s) and parked,2,0.007272727272727273,2.0,0.007272727272727273,2024-10-01
main_mode,26.0,Get in a parked vehicle and ride with other traveler(s),1,0.0036363636363636364,1.0,0.0036363636363636364,2024-10-01
main_mode,22.0,Other shared van (please specify),1,0.0036363636363636364,1.0,0.0036363636363636364,2024-10-01
main_mode,28.0,Rental car: get in a parked rental car,1,0.0036363636363636364,1.0,0.0036363636363636364,2024-10-01
main_mode,17.0,Chartered tour bus,1,0.0036363636363636364,1.0,0.0036363636363636364,2024-10-01
access_mode,1.0,Walk,5,0.4166666666666667,5.0,0.4166666666666667,2024-10-01
access_mode,16.0,Other public transit,2,0.16666666666666666,2.0,0.16666666666666666,2024-10-01
access_mode,14.0,Drove with others and parked,1,0.08333333333333333,1.0,0.08333333333333333,2024-10-01
access_mode,10.0,Uber/Lyft,1,0.08333333333333333,1.0,0.08333333333333333,2024-10-01
access_mode,11.0,Car service/black car/limo/executive car,1,0.08333333333333333,1.0,0.08333333333333333,2024-10-01
access_mode,12.0,Dropped off by car by family/friend,1,0.08333333333333333,1.0,0.08333333333333333,2024-10-01
access_mode,98.0,Other,1,0.08333333333333333,1.0,0.08333333333333333,2024-10-01
reverse_mode,10.0,Uber/Lyft,1,0.25,1.0,0.25,2024-10-01
reverse_mode,9.0,Taxi,1,0.25,1.0,0.25,2024-10-01
reverse_mode,20.0,Employee shuttle,1,0.25,1.0,0.25,2024-10-01
reverse_mode,21.0,Rental car: Dropped off at rental agency,1,0.25,1.0,0.25,2024-10-01
reverse_mode_predicted,12.0,Dropped off by car by family/friend,36,0.4044943820224719,36.0,0.4044943820224719,2024-10-01
reverse_mode_predicted,10.0,Uber/Lyft,27,0.30337078651685395,27.0,0.30337078651685395,2024-10-01
reverse_mode_predicted,13.0,Drove alone and parked,12,0.1348314606741573,12.0,0.1348314606741573,2024-10-01
reverse_mode_predicted,14.0,Drove with others and parked,4,0.0449438202247191,4.0,0.0449438202247191,2024-10-01
reverse_mode_predicted,18.0,Other public transit,3,0.033707865168539325,3.0,0.033707865168539325,2024-10-01
reverse_mode_predicted,98.0,Other,2,0.02247191011235955,2.0,0.02247191011235955,2024-10-01
reverse_mode_predicted,9.0,Taxi,2,0.02247191011235955,2.0,0.02247191011235955,2024-10-01
reverse_mode_predicted,20.0,Employee shuttle,1,0.011235955056179775,1.0,0.011235955056179775,2024-10-01
reverse_mode_predicted,11.0,Car service/black car/limo/executive car,1,0.011235955056179775,1.0,0.011235955056179775,2024-10-01
reverse_mode_predicted,15.0,Rode with other traveler(s) and parked,1,0.011235955056179775,1.0,0.011235955056179775,2024-10-01
other_airport_accessmode,12.0,DROPPED OFF BY CAR BY FRIEND FAMILY,7,0.22580645161290322,7.0,0.22580645161290322,2024-10-01
other_airport_accessmode,10.0,UBER LYFT,7,0.22580645161290322,7.0,0.22580645161290322,2024-10-01
other_airport_accessmode,13.0,DROVE ALONE AND PARKED,5,0.16129032258064516,5.0,0.16129032258064516,2024-10-01
other_airport_accessmode,19.0,RENTAL CAR AND DROPPED IT OFF AT RENTAL AGENCY,4,0.12903225806451613,4.0,0.12903225806451613,2024-10-01
other_airport_accessmode,2.0,WHEELCHAIR OR OTHER MOBILITY DEVICE,2,0.06451612903225806,2.0,0.06451612903225806,2024-10-01
other_airport_accessmode,14.0,DROVE WITH OTHERS AND PARKED,2,0.06451612903225806,2.0,0.06451612903225806,2024-10-01
other_airport_accessmode,9.0,TAXI,1,0.03225806451612903,1.0,0.03225806451612903,2024-10-01
other_airport_accessmode,20.0,RENTAL CAR AND PARKED IT,1,0.03225806451612903,1.0,0.03225806451612903,2024-10-01
other_airport_accessmode,21.0,HOTEL SHUTTLE VAN,1,0.03225806451612903,1.0,0.03225806451612903,2024-10-01
other_airport_accessmode,1.0,WALK,1,0.03225806451612903,1.0,0.03225806451612903,2024-10-01
reverse_commute_mode,13.0,Get in a parked vehicle and drive alone,15,0.7142857142857143,15.0,0.7142857142857143,2024-10-01
reverse_commute_mode,1.0,Walk,2,0.09523809523809523,2.0,0.09523809523809523,2024-10-01
reverse_commute_mode,16.0,MTS Route 992,2,0.09523809523809523,2.0,0.09523809523809523,2024-10-01
reverse_commute_mode,18.0,Other public transit,1,0.047619047619047616,1.0,0.047619047619047616,2024-10-01
reverse_commute_mode,10.0,Uber/Lyft,1,0.047619047619047616,1.0,0.047619047619047616,2024-10-01
main_transit_mode,3,None of the above,256,0.9481481481481482,256.0,0.9481481481481482,2024-10-02
main_transit_mode,MTS_1_992,MTS Route 992,7,0.025925925925925925,7.0,0.025925925925925925,2024-10-02
main_transit_mode,SDA_1_FLYER,Airport flyer shuttle,7,0.025925925925925925,7.0,0.025925925925925925,2024-10-02
main_mode,10.0,Uber/Lyft,100,0.390625,100.0,0.390625,2024-10-02
main_mode,12.0,Dropped off by car by family/friend,77,0.30078125,77.0,0.30078125,2024-10-02
main_mode,13.0,Drove alone and parked,22,0.0859375,22.0,0.0859375,2024-10-02
main_mode,19.0,Rental car: Dropped off at rental agency,16,0.0625,16.0,0.0625,2024-10-02
main_mode,9.0,Taxi,10,0.0390625,10.0,0.0390625,2024-10-02
main_mode,21.0,Hotel shuttle van,7,0.02734375,7.0,0.02734375,2024-10-02
main_mode,11.0,Car service/black car/limo/executive car,6,0.0234375,6.0,0.0234375,2024-10-02
main_mode,14.0,Drove with others and parked,5,0.01953125,5.0,0.01953125,2024-10-02
main_mode,30.0,Other public transit,3,0.01171875,3.0,0.01171875,2024-10-02
main_mode,22.0,Other shared van (please specify),3,0.01171875,3.0,0.01171875,2024-10-02
main_mode,18.0,Employee shuttle,2,0.0078125,2.0,0.0078125,2024-10-02
main_mode,23.0,Picked up by car by family/friend,2,0.0078125,2.0,0.0078125,2024-10-02
main_mode,20.0,Rental car: parked rental car,2,0.0078125,2.0,0.0078125,2024-10-02
main_mode,29.0,Rode with other traveler(s) and parked,1,0.00390625,1.0,0.00390625,2024-10-02
access_mode,10.0,Uber/Lyft,4,0.3076923076923077,4.0,0.3076923076923077,2024-10-02
access_mode,1.0,Walk,4,0.3076923076923077,4.0,0.3076923076923077,2024-10-02
access_mode,16.0,Other public transit,2,0.15384615384615385,2.0,0.15384615384615385,2024-10-02
access_mode,13.0,Drove alone and parked,2,0.15384615384615385,2.0,0.15384615384615385,2024-10-02
access_mode,11.0,Car service/black car/limo/executive car,1,0.07692307692307693,1.0,0.07692307692307693,2024-10-02
egress_mode,14.0,Picked up by car by family/friend,1,1.0,1.0,1.0,2024-10-02
reverse_mode,10.0,Uber/Lyft,61,0.48031496062992124,61.0,0.48031496062992124,2024-10-02
reverse_mode,12.0,Dropped off by car by family/friend,23,0.18110236220472442,23.0,0.18110236220472442,2024-10-02
reverse_mode,9.0,Taxi,15,0.11811023622047244,15.0,0.11811023622047244,2024-10-02
reverse_mode,21.0,Rental car: Dropped off at rental agency,14,0.11023622047244094,14.0,0.11023622047244094,2024-10-02
reverse_mode,23.0,Hotel shuttle van,4,0.031496062992125984,4.0,0.031496062992125984,2024-10-02
reverse_mode,24.0,Other shared van (please specify),2,0.015748031496062992,2.0,0.015748031496062992,2024-10-02
reverse_mode,22.0,Rental car: parked rental car,2,0.015748031496062992,2.0,0.015748031496062992,2024-10-02
reverse_mode,1.0,Walk,2,0.015748031496062992,2.0,0.015748031496062992,2024-10-02
reverse_mode,11.0,Car service/black car/limo/executive car,2,0.015748031496062992,2.0,0.015748031496062992,2024-10-02
reverse_mode,17.0,Airport flyer shuttle,1,0.007874015748031496,1.0,0.007874015748031496,2024-10-02
reverse_mode,6.0,Bicycle: personal electric bicycle,1,0.007874015748031496,1.0,0.007874015748031496,2024-10-02
reverse_mode_predicted,12.0,Dropped off by car by family/friend,38,0.4222222222222222,38.0,0.4222222222222222,2024-10-02
reverse_mode_predicted,10.0,Uber/Lyft,29,0.32222222222222224,29.0,0.32222222222222224,2024-10-02
reverse_mode_predicted,14.0,Drove with others and parked,4,0.044444444444444446,4.0,0.044444444444444446,2024-10-02
reverse_mode_predicted,13.0,Drove alone and parked,4,0.044444444444444446,4.0,0.044444444444444446,2024-10-02
reverse_mode_predicted,11.0,Car service/black car/limo/executive car,4,0.044444444444444446,4.0,0.044444444444444446,2024-10-02
reverse_mode_predicted,16.0,MTS Route 992,3,0.03333333333333333,3.0,0.03333333333333333,2024-10-02
reverse_mode_predicted,98.0,Other,3,0.03333333333333333,3.0,0.03333333333333333,2024-10-02
reverse_mode_predicted,9.0,Taxi,2,0.022222222222222223,2.0,0.022222222222222223,2024-10-02
reverse_mode_predicted,24.0,Other shared van (please specify),2,0.022222222222222223,2.0,0.022222222222222223,2024-10-02
reverse_mode_predicted,18.0,Other public transit,1,0.011111111111111112,1.0,0.011111111111111112,2024-10-02
other_airport_accessmode,12.0,DROPPED OFF BY CAR BY FRIEND FAMILY,25,0.5952380952380952,25.0,0.5952380952380952,2024-10-02
other_airport_accessmode,13.0,DROVE ALONE AND PARKED,4,0.09523809523809523,4.0,0.09523809523809523,2024-10-02
other_airport_accessmode,10.0,UBER LYFT,3,0.07142857142857142,3.0,0.07142857142857142,2024-10-02
other_airport_accessmode,16.0,OTHER PUBLIC TRANSIT,2,0.047619047619047616,2.0,0.047619047619047616,2024-10-02
other_airport_accessmode,14.0,DROVE WITH OTHERS AND PARKED,2,0.047619047619047616,2.0,0.047619047619047616,2024-10-02
other_airport_accessmode,1.0,WALK,2,0.047619047619047616,2.0,0.047619047619047616,2024-10-02
other_airport_accessmode,2.0,WHEELCHAIR OR OTHER MOBILITY DEVICE,2,0.047619047619047616,2.0,0.047619047619047616,2024-10-02
other_airport_accessmode,20.0,RENTAL CAR AND PARKED IT,1,0.023809523809523808,1.0,0.023809523809523808,2024-10-02
other_airport_accessmode,9.0,TAXI,1,0.023809523809523808,1.0,0.023809523809523808,2024-10-02
reverse_commute_mode,13.0,Get in a parked vehicle and drive alone,18,0.6666666666666666,18.0,0.6666666666666666,2024-10-02
reverse_commute_mode,12.0,Picked up by car by family/friend,4,0.14814814814814814,4.0,0.14814814814814814,2024-10-02
reverse_commute_mode,17.0,Airport flyer shuttle,3,0.1111111111111111,3.0,0.1111111111111111,2024-10-02
reverse_commute_mode,15.0,Get in a parked vehicle and ride with other traveler(s),2,0.07407407407407407,2.0,0.07407407407407407,2024-10-02
main_transit_mode,3,None of the above,115,0.9663865546218487,115.0,0.9663865546218487,2024-10-03
main_transit_mode,MTS_1_992,MTS Route 992,2,0.01680672268907563,2.0,0.01680672268907563,2024-10-03
main_transit_mode,SDA_1_FLYER,Airport flyer shuttle,2,0.01680672268907563,2.0,0.01680672268907563,2024-10-03
main_mode,10.0,Uber/Lyft,46,0.4,46.0,0.4,2024-10-03
main_mode,12.0,Dropped off by car by family/friend,37,0.3217391304347826,37.0,0.3217391304347826,2024-10-03
main_mode,19.0,Rental car: Dropped off at rental agency,8,0.06956521739130435,8.0,0.06956521739130435,2024-10-03
main_mode,13.0,Drove alone and parked,7,0.06086956521739131,7.0,0.06086956521739131,2024-10-03
main_mode,14.0,Drove with others and parked,6,0.05217391304347826,6.0,0.05217391304347826,2024-10-03
main_mode,21.0,Hotel shuttle van,5,0.043478260869565216,5.0,0.043478260869565216,2024-10-03
main_mode,27.0,Rental car: Picked up at rental agency,1,0.008695652173913044,1.0,0.008695652173913044,2024-10-03
main_mode,23.0,Picked up by car by family/friend,1,0.008695652173913044,1.0,0.008695652173913044,2024-10-03
main_mode,22.0,Other shared van (please specify),1,0.008695652173913044,1.0,0.008695652173913044,2024-10-03
main_mode,30.0,Other public transit,1,0.008695652173913044,1.0,0.008695652173913044,2024-10-03
main_mode,24.0,Get in a parked vehicle and drive alone,1,0.008695652173913044,1.0,0.008695652173913044,2024-10-03
main_mode,11.0,Car service/black car/limo/executive car,1,0.008695652173913044,1.0,0.008695652173913044,2024-10-03
access_mode,12.0,Dropped off by car by family/friend,2,0.5,2.0,0.5,2024-10-03
access_mode,1.0,Walk,1,0.25,1.0,0.25,2024-10-03
access_mode,10.0,Uber/Lyft,1,0.25,1.0,0.25,2024-10-03
reverse_mode,10.0,Uber/Lyft,19,0.41304347826086957,19.0,0.41304347826086957,2024-10-03
reverse_mode,12.0,Dropped off by car by family/friend,11,0.2391304347826087,11.0,0.2391304347826087,2024-10-03
reverse_mode,21.0,Rental car: Dropped off at rental agency,5,0.10869565217391304,5.0,0.10869565217391304,2024-10-03
reverse_mode,22.0,Rental car: parked rental car,4,0.08695652173913043,4.0,0.08695652173913043,2024-10-03
reverse_mode,23.0,Hotel shuttle van,2,0.043478260869565216,2.0,0.043478260869565216,2024-10-03
reverse_mode,1.0,Walk,1,0.021739130434782608,1.0,0.021739130434782608,2024-10-03
reverse_mode,14.0,Drove with others and parked,1,0.021739130434782608,1.0,0.021739130434782608,2024-10-03
reverse_mode,24.0,Other shared van (please specify),1,0.021739130434782608,1.0,0.021739130434782608,2024-10-03
reverse_mode,17.0,Airport flyer shuttle,1,0.021739130434782608,1.0,0.021739130434782608,2024-10-03
reverse_mode,11.0,Car service/black car/limo/executive car,1,0.021739130434782608,1.0,0.021739130434782608,2024-10-03
reverse_mode_predicted,12.0,Dropped off by car by family/friend,26,0.4727272727272727,26.0,0.4727272727272727,2024-10-03
reverse_mode_predicted,10.0,Uber/Lyft,20,0.36363636363636365,20.0,0.36363636363636365,2024-10-03
reverse_mode_predicted,14.0,Drove with others and parked,4,0.07272727272727272,4.0,0.07272727272727272,2024-10-03
reverse_mode_predicted,13.0,Drove alone and parked,4,0.07272727272727272,4.0,0.07272727272727272,2024-10-03
reverse_mode_predicted,16.0,MTS Route 992,1,0.01818181818181818,1.0,0.01818181818181818,2024-10-03
other_airport_accessmode,12.0,DROPPED OFF BY CAR BY FRIEND FAMILY,9,0.45,9.0,0.45,2024-10-03
other_airport_accessmode,10.0,UBER LYFT,7,0.35,7.0,0.35,2024-10-03
other_airport_accessmode,13.0,DROVE ALONE AND PARKED,2,0.1,2.0,0.1,2024-10-03
other_airport_accessmode,19.0,RENTAL CAR AND DROPPED IT OFF AT RENTAL AGENCY,1,0.05,1.0,0.05,2024-10-03
other_airport_accessmode,9.0,TAXI,1,0.05,1.0,0.05,2024-10-03
reverse_commute_mode,12.0,Picked up by car by family/friend,2,0.2857142857142857,2.0,0.2857142857142857,2024-10-03
reverse_commute_mode,1.0,Walk,1,0.14285714285714285,1.0,0.14285714285714285,2024-10-03
reverse_commute_mode,16.0,MTS Route 992,1,0.14285714285714285,1.0,0.14285714285714285,2024-10-03
reverse_commute_mode,13.0,Get in a parked vehicle and drive alone,1,0.14285714285714285,1.0,0.14285714285714285,2024-10-03
reverse_commute_mode,14.0,Get in a parked vehicle and drive with others,1,0.14285714285714285,1.0,0.14285714285714285,2024-10-03
reverse_commute_mode,15.0,Get in a parked vehicle and ride with other traveler(s),1,0.14285714285714285,1.0,0.14285714285714285,2024-10-03
main_transit_mode,3,None of the above,202,0.8278688524590164,202.0,0.8278688524590164,2024-10-04
main_transit_mode,SDA_1_FLYER,Airport flyer shuttle,28,0.11475409836065574,28.0,0.11475409836065574,2024-10-04
main_transit_mode,MTS_1_992,MTS Route 992,14,0.05737704918032787,14.0,0.05737704918032787,2024-10-04
main_mode,12.0,Dropped off by car by family/friend,66,0.32673267326732675,66.0,0.32673267326732675,2024-10-04
main_mode,10.0,Uber/Lyft,65,0.3217821782178218,65.0,0.3217821782178218,2024-10-04
main_mode,27.0,Rental car: Picked up at rental agency,25,0.12376237623762376,25.0,0.12376237623762376,2024-10-04
main_mode,13.0,Drove alone and parked,8,0.039603960396039604,8.0,0.039603960396039604,2024-10-04
main_mode,19.0,Rental car: Dropped off at rental agency,6,0.0297029702970297,6.0,0.0297029702970297,2024-10-04
main_mode,11.0,Car service/black car/limo/executive car,6,0.0297029702970297,6.0,0.0297029702970297,2024-10-04
main_mode,14.0,Drove with others and parked,6,0.0297029702970297,6.0,0.0297029702970297,2024-10-04
main_mode,20.0,Rental car: parked rental car,6,0.0297029702970297,6.0,0.0297029702970297,2024-10-04
main_mode,9.0,Taxi,4,0.019801980198019802,4.0,0.019801980198019802,2024-10-04
main_mode,21.0,Hotel shuttle van,4,0.019801980198019802,4.0,0.019801980198019802,2024-10-04
main_mode,18.0,Employee shuttle,2,0.009900990099009901,2.0,0.009900990099009901,2024-10-04
main_mode,28.0,Rental car: get in a parked rental car,2,0.009900990099009901,2.0,0.009900990099009901,2024-10-04
main_mode,24.0,Get in a parked vehicle and drive alone,1,0.0049504950495049506,1.0,0.0049504950495049506,2024-10-04
main_mode,1.0,Walk,1,0.0049504950495049506,1.0,0.0049504950495049506,2024-10-04
access_mode,1.0,Walk,18,0.4864864864864865,18.0,0.4864864864864865,2024-10-04
access_mode,12.0,Dropped off by car by family/friend,5,0.13513513513513514,5.0,0.13513513513513514,2024-10-04
access_mode,10.0,Uber/Lyft,4,0.10810810810810811,4.0,0.10810810810810811,2024-10-04
access_mode,13.0,Drove alone and parked,3,0.08108108108108109,3.0,0.08108108108108109,2024-10-04
access_mode,11.0,Car service/black car/limo/executive car,2,0.05405405405405406,2.0,0.05405405405405406,2024-10-04
access_mode,98.0,Other,2,0.05405405405405406,2.0,0.05405405405405406,2024-10-04
access_mode,16.0,Other public transit,1,0.02702702702702703,1.0,0.02702702702702703,2024-10-04
access_mode,9.0,Taxi,1,0.02702702702702703,1.0,0.02702702702702703,2024-10-04
access_mode,15.0,Rode with other traveler(s) and parked,1,0.02702702702702703,1.0,0.02702702702702703,2024-10-04
egress_mode,1.0,Walk,4,0.8,4.0,0.8,2024-10-04
egress_mode,14.0,Picked up by car by family/friend,1,0.2,1.0,0.2,2024-10-04
reverse_mode,10.0,Uber/Lyft,37,0.4625,37.0,0.4625,2024-10-04
reverse_mode,12.0,Dropped off by car by family/friend,11,0.1375,11.0,0.1375,2024-10-04
reverse_mode,21.0,Rental car: Dropped off at rental agency,9,0.1125,9.0,0.1125,2024-10-04
reverse_mode,9.0,Taxi,5,0.0625,5.0,0.0625,2024-10-04
reverse_mode,1.0,Walk,4,0.05,4.0,0.05,2024-10-04
reverse_mode,22.0,Rental car: parked rental car,3,0.0375,3.0,0.0375,2024-10-04
reverse_mode,17.0,Airport flyer shuttle,2,0.025,2.0,0.025,2024-10-04
reverse_mode,13.0,Drove alone and parked,2,0.025,2.0,0.025,2024-10-04
reverse_mode,20.0,Employee shuttle,2,0.025,2.0,0.025,2024-10-04
reverse_mode,14.0,Drove with others and parked,1,0.0125,1.0,0.0125,2024-10-04
reverse_mode,23.0,Hotel shuttle van,1,0.0125,1.0,0.0125,2024-10-04
reverse_mode,16.0,MTS Route 992,1,0.0125,1.0,0.0125,2024-10-04
reverse_mode,19.0,Chartered tour bus,1,0.0125,1.0,0.0125,2024-10-04
reverse_mode,11.0,Car service/black car/limo/executive car,1,0.0125,1.0,0.0125,2024-10-04
reverse_mode_predicted,12.0,Dropped off by car by family/friend,44,0.38596491228070173,44.0,0.38596491228070173,2024-10-04
reverse_mode_predicted,10.0,Uber/Lyft,38,0.3333333333333333,38.0,0.3333333333333333,2024-10-04
reverse_mode_predicted,13.0,Drove alone and parked,7,0.06140350877192982,7.0,0.06140350877192982,2024-10-04
reverse_mode_predicted,17.0,Airport flyer shuttle,6,0.05263157894736842,6.0,0.05263157894736842,2024-10-04
reverse_mode_predicted,14.0,Drove with others and parked,6,0.05263157894736842,6.0,0.05263157894736842,2024-10-04
reverse_mode_predicted,11.0,Car service/black car/limo/executive car,4,0.03508771929824561,4.0,0.03508771929824561,2024-10-04
reverse_mode_predicted,16.0,MTS Route 992,3,0.02631578947368421,3.0,0.02631578947368421,2024-10-04
reverse_mode_predicted,1.0,Walk,2,0.017543859649122806,2.0,0.017543859649122806,2024-10-04
reverse_mode_predicted,3.0,Bicycle: electric bikeshare,1,0.008771929824561403,1.0,0.008771929824561403,2024-10-04
reverse_mode_predicted,4.0,Bicycle: non-electric bikeshare,1,0.008771929824561403,1.0,0.008771929824561403,2024-10-04
reverse_mode_predicted,23.0,Hotel shuttle van,1,0.008771929824561403,1.0,0.008771929824561403,2024-10-04
reverse_mode_predicted,7.0,Bicycle: personal non-electric bicycle,1,0.008771929824561403,1.0,0.008771929824561403,2024-10-04
other_airport_accessmode,12.0,DROPPED OFF BY CAR BY FRIEND FAMILY,14,0.3888888888888889,14.0,0.3888888888888889,2024-10-04
other_airport_accessmode,10.0,UBER LYFT,7,0.19444444444444445,7.0,0.19444444444444445,2024-10-04
other_airport_accessmode,16.0,OTHER PUBLIC TRANSIT,3,0.08333333333333333,3.0,0.08333333333333333,2024-10-04
other_airport_accessmode,9.0,TAXI,3,0.08333333333333333,3.0,0.08333333333333333,2024-10-04
other_airport_accessmode,14.0,DROVE WITH OTHERS AND PARKED,3,0.08333333333333333,3.0,0.08333333333333333,2024-10-04
other_airport_accessmode,13.0,DROVE ALONE AND PARKED,2,0.05555555555555555,2.0,0.05555555555555555,2024-10-04
other_airport_accessmode,19.0,RENTAL CAR AND DROPPED IT OFF AT RENTAL AGENCY,1,0.027777777777777776,1.0,0.027777777777777776,2024-10-04
other_airport_accessmode,11.0,CAR SERVICE BLACK CAR LIMO EXECUTIVE CAR,1,0.027777777777777776,1.0,0.027777777777777776,2024-10-04
other_airport_accessmode,2.0,WHEELCHAIR OR OTHER MOBILITY DEVICE,1,0.027777777777777776,1.0,0.027777777777777776,2024-10-04
other_airport_accessmode,7.0,PERSONAL NON ELECTRIC BICYCLE,1,0.027777777777777776,1.0,0.027777777777777776,2024-10-04
reverse_commute_mode,12.0,Picked up by car by family/friend,5,0.3333333333333333,5.0,0.3333333333333333,2024-10-04
reverse_commute_mode,16.0,MTS Route 992,4,0.26666666666666666,4.0,0.26666666666666666,2024-10-04
reverse_commute_mode,14.0,Get in a parked vehicle and drive with others,2,0.13333333333333333,2.0,0.13333333333333333,2024-10-04
reverse_commute_mode,17.0,Airport flyer shuttle,2,0.13333333333333333,2.0,0.13333333333333333,2024-10-04
reverse_commute_mode,13.0,Get in a parked vehicle and drive alone,1,0.06666666666666667,1.0,0.06666666666666667,2024-10-04
reverse_commute_mode,1.0,Walk,1,0.06666666666666667,1.0,0.06666666666666667,2024-10-04
main_transit_mode,3,None of the above,164,0.8770053475935828,164.0,0.8770053475935828,2024-10-05
main_transit_mode,MTS_1_992,MTS Route 992,20,0.10695187165775401,20.0,0.10695187165775401,2024-10-05
main_transit_mode,SDA_1_FLYER,Airport flyer shuttle,3,0.016042780748663103,3.0,0.016042780748663103,2024-10-05
main_mode,10.0,Uber/Lyft,63,0.38414634146341464,63.0,0.38414634146341464,2024-10-05
main_mode,12.0,Dropped off by car by family/friend,60,0.36585365853658536,60.0,0.36585365853658536,2024-10-05
main_mode,19.0,Rental car: Dropped off at rental agency,12,0.07317073170731707,12.0,0.07317073170731707,2024-10-05
main_mode,13.0,Drove alone and parked,9,0.054878048780487805,9.0,0.054878048780487805,2024-10-05
main_mode,20.0,Rental car: parked rental car,5,0.03048780487804878,5.0,0.03048780487804878,2024-10-05
main_mode,11.0,Car service/black car/limo/executive car,4,0.024390243902439025,4.0,0.024390243902439025,2024-10-05
main_mode,21.0,Hotel shuttle van,4,0.024390243902439025,4.0,0.024390243902439025,2024-10-05
main_mode,1.0,Walk,3,0.018292682926829267,3.0,0.018292682926829267,2024-10-05
main_mode,14.0,Drove with others and parked,1,0.006097560975609756,1.0,0.006097560975609756,2024-10-05
main_mode,17.0,Chartered tour bus,1,0.006097560975609756,1.0,0.006097560975609756,2024-10-05
main_mode,18.0,Employee shuttle,1,0.006097560975609756,1.0,0.006097560975609756,2024-10-05
main_mode,9.0,Taxi,1,0.006097560975609756,1.0,0.006097560975609756,2024-10-05
access_mode,1.0,Walk,12,0.75,12.0,0.75,2024-10-05
access_mode,12.0,Dropped off by car by family/friend,4,0.25,4.0,0.25,2024-10-05
egress_mode,1.0,Walk,7,1.0,7.0,1.0,2024-10-05
reverse_mode,10.0,Uber/Lyft,45,0.4166666666666667,45.0,0.4166666666666667,2024-10-05
reverse_mode,12.0,Dropped off by car by family/friend,28,0.25925925925925924,28.0,0.25925925925925924,2024-10-05
reverse_mode,21.0,Rental car: Dropped off at rental agency,13,0.12037037037037036,13.0,0.12037037037037036,2024-10-05
reverse_mode,9.0,Taxi,4,0.037037037037037035,4.0,0.037037037037037035,2024-10-05
reverse_mode,11.0,Car service/black car/limo/executive car,3,0.027777777777777776,3.0,0.027777777777777776,2024-10-05
reverse_mode,22.0,Rental car: parked rental car,3,0.027777777777777776,3.0,0.027777777777777776,2024-10-05
reverse_mode,23.0,Hotel shuttle van,3,0.027777777777777776,3.0,0.027777777777777776,2024-10-05
reverse_mode,17.0,Airport flyer shuttle,2,0.018518518518518517,2.0,0.018518518518518517,2024-10-05
reverse_mode,1.0,Walk,2,0.018518518518518517,2.0,0.018518518518518517,2024-10-05
reverse_mode,16.0,MTS Route 992,2,0.018518518518518517,2.0,0.018518518518518517,2024-10-05
reverse_mode,20.0,Employee shuttle,1,0.009259259259259259,1.0,0.009259259259259259,2024-10-05
reverse_mode,18.0,Other public transit,1,0.009259259259259259,1.0,0.009259259259259259,2024-10-05
reverse_mode,19.0,Chartered tour bus,1,0.009259259259259259,1.0,0.009259259259259259,2024-10-05
reverse_mode_predicted,12.0,Dropped off by car by family/friend,24,0.43636363636363634,24.0,0.43636363636363634,2024-10-05
reverse_mode_predicted,10.0,Uber/Lyft,21,0.38181818181818183,21.0,0.38181818181818183,2024-10-05
reverse_mode_predicted,13.0,Drove alone and parked,5,0.09090909090909091,5.0,0.09090909090909091,2024-10-05
reverse_mode_predicted,11.0,Car service/black car/limo/executive car,2,0.03636363636363636,2.0,0.03636363636363636,2024-10-05
reverse_mode_predicted,14.0,Drove with others and parked,2,0.03636363636363636,2.0,0.03636363636363636,2024-10-05
reverse_mode_predicted,21.0,Rental car: Dropped off at rental agency,1,0.01818181818181818,1.0,0.01818181818181818,2024-10-05
other_airport_accessmode,12.0,DROPPED OFF BY CAR BY FRIEND FAMILY,10,0.5,10.0,0.5,2024-10-05
other_airport_accessmode,10.0,UBER LYFT,3,0.15,3.0,0.15,2024-10-05
other_airport_accessmode,11.0,CAR SERVICE BLACK CAR LIMO EXECUTIVE CAR,2,0.1,2.0,0.1,2024-10-05
other_airport_accessmode,14.0,DROVE WITH OTHERS AND PARKED,2,0.1,2.0,0.1,2024-10-05
other_airport_accessmode,13.0,DROVE ALONE AND PARKED,1,0.05,1.0,0.05,2024-10-05
other_airport_accessmode,2.0,WHEELCHAIR OR OTHER MOBILITY DEVICE,1,0.05,1.0,0.05,2024-10-05
other_airport_accessmode,21.0,HOTEL SHUTTLE VAN,1,0.05,1.0,0.05,2024-10-05
reverse_commute_mode,16.0,MTS Route 992,8,0.5,8.0,0.5,2024-10-05
reverse_commute_mode,13.0,Get in a parked vehicle and drive alone,5,0.3125,5.0,0.3125,2024-10-05
reverse_commute_mode,12.0,Picked up by car by family/friend,2,0.125,2.0,0.125,2024-10-05
reverse_commute_mode,17.0,Airport flyer shuttle,1,0.0625,1.0,0.0625,2024-10-05
main_transit_mode,3,None of the above,107,0.7642857142857142,107.0,0.7642857142857142,2024-10-06
main_transit_mode,SDA_1_FLYER,Airport flyer shuttle,18,0.12857142857142856,18.0,0.12857142857142856,2024-10-06
main_transit_mode,MTS_1_992,MTS Route 992,15,0.10714285714285714,15.0,0.10714285714285714,2024-10-06
main_mode,10.0,Uber/Lyft,35,0.32710280373831774,35.0,0.32710280373831774,2024-10-06
main_mode,12.0,Dropped off by car by family/friend,33,0.308411214953271,33.0,0.308411214953271,2024-10-06
main_mode,19.0,Rental car: Dropped off at rental agency,16,0.14953271028037382,16.0,0.14953271028037382,2024-10-06
main_mode,27.0,Rental car: Picked up at rental agency,13,0.12149532710280374,13.0,0.12149532710280374,2024-10-06
main_mode,9.0,Taxi,3,0.028037383177570093,3.0,0.028037383177570093,2024-10-06
main_mode,13.0,Drove alone and parked,3,0.028037383177570093,3.0,0.028037383177570093,2024-10-06
main_mode,18.0,Employee shuttle,2,0.018691588785046728,2.0,0.018691588785046728,2024-10-06
main_mode,14.0,Drove with others and parked,1,0.009345794392523364,1.0,0.009345794392523364,2024-10-06
main_mode,21.0,Hotel shuttle van,1,0.009345794392523364,1.0,0.009345794392523364,2024-10-06
access_mode,1.0,Walk,19,0.7307692307692307,19.0,0.7307692307692307,2024-10-06
access_mode,12.0,Dropped off by car by family/friend,3,0.11538461538461539,3.0,0.11538461538461539,2024-10-06
access_mode,10.0,Uber/Lyft,2,0.07692307692307693,2.0,0.07692307692307693,2024-10-06
access_mode,16.0,Other public transit,2,0.07692307692307693,2.0,0.07692307692307693,2024-10-06
egress_mode,1.0,Walk,4,0.5714285714285714,4.0,0.5714285714285714,2024-10-06
egress_mode,11.0,Drive alone and park,1,0.14285714285714285,1.0,0.14285714285714285,2024-10-06
egress_mode,14.0,Picked up by car by family/friend,1,0.14285714285714285,1.0,0.14285714285714285,2024-10-06
egress_mode,15.0,Other shared van (please specify),1,0.14285714285714285,1.0,0.14285714285714285,2024-10-06
reverse_mode,10.0,Uber/Lyft,32,0.4507042253521127,32.0,0.4507042253521127,2024-10-06
reverse_mode,12.0,Dropped off by car by family/friend,12,0.16901408450704225,12.0,0.16901408450704225,2024-10-06
reverse_mode,21.0,Rental car: Dropped off at rental agency,10,0.14084507042253522,10.0,0.14084507042253522,2024-10-06
reverse_mode,22.0,Rental car: parked rental car,7,0.09859154929577464,7.0,0.09859154929577464,2024-10-06
reverse_mode,9.0,Taxi,4,0.056338028169014086,4.0,0.056338028169014086,2024-10-06
reverse_mode,17.0,Airport flyer shuttle,4,0.056338028169014086,4.0,0.056338028169014086,2024-10-06
reverse_mode,14.0,Drove with others and parked,1,0.014084507042253521,1.0,0.014084507042253521,2024-10-06
reverse_mode,18.0,Other public transit,1,0.014084507042253521,1.0,0.014084507042253521,2024-10-06
reverse_mode_predicted,12.0,Dropped off by car by family/friend,15,0.4838709677419355,15.0,0.4838709677419355,2024-10-06
reverse_mode_predicted,10.0,Uber/Lyft,8,0.25806451612903225,8.0,0.25806451612903225,2024-10-06
reverse_mode_predicted,9.0,Taxi,3,0.0967741935483871,3.0,0.0967741935483871,2024-10-06
reverse_mode_predicted,17.0,Airport flyer shuttle,2,0.06451612903225806,2.0,0.06451612903225806,2024-10-06
reverse_mode_predicted,14.0,Drove with others and parked,1,0.03225806451612903,1.0,0.03225806451612903,2024-10-06
reverse_mode_predicted,13.0,Drove alone and parked,1,0.03225806451612903,1.0,0.03225806451612903,2024-10-06
reverse_mode_predicted,20.0,Employee shuttle,1,0.03225806451612903,1.0,0.03225806451612903,2024-10-06
other_airport_accessmode,12.0,DROPPED OFF BY CAR BY FRIEND FAMILY,8,0.6153846153846154,8.0,0.6153846153846154,2024-10-06
other_airport_accessmode,9.0,TAXI,2,0.15384615384615385,2.0,0.15384615384615385,2024-10-06
other_airport_accessmode,10.0,UBER LYFT,1,0.07692307692307693,1.0,0.07692307692307693,2024-10-06
other_airport_accessmode,19.0,RENTAL CAR AND DROPPED IT OFF AT RENTAL AGENCY,1,0.07692307692307693,1.0,0.07692307692307693,2024-10-06
other_airport_accessmode,14.0,DROVE WITH OTHERS AND PARKED,1,0.07692307692307693,1.0,0.07692307692307693,2024-10-06
reverse_commute_mode,12.0,Picked up by car by family/friend,7,0.3888888888888889,7.0,0.3888888888888889,2024-10-06
reverse_commute_mode,10.0,Uber/Lyft,4,0.2222222222222222,4.0,0.2222222222222222,2024-10-06
reverse_commute_mode,13.0,Get in a parked vehicle and drive alone,2,0.1111111111111111,2.0,0.1111111111111111,2024-10-06
reverse_commute_mode,1.0,Walk,2,0.1111111111111111,2.0,0.1111111111111111,2024-10-06
reverse_commute_mode,17.0,Airport flyer shuttle,1,0.05555555555555555,1.0,0.05555555555555555,2024-10-06
reverse_commute_mode,18.0,Other public transit,1,0.05555555555555555,1.0,0.05555555555555555,2024-10-06
reverse_commute_mode,16.0,MTS Route 992,1,0.05555555555555555,1.0,0.05555555555555555,2024-10-06
main_transit_mode,3,None of the above,333,0.940677966101695,333.0,0.940677966101695,2024-10-07
main_transit_mode,SDA_1_FLYER,Airport flyer shuttle,15,0.0423728813559322,15.0,0.0423728813559322,2024-10-07
main_transit_mode,MTS_1_992,MTS Route 992,6,0.01694915254237288,6.0,0.01694915254237288,2024-10-07
main_mode,12.0,Dropped off by car by family/friend,117,0.35135135135135137,117.0,0.35135135135135137,2024-10-07
main_mode,10.0,Uber/Lyft,96,0.2882882882882883,96.0,0.2882882882882883,2024-10-07
main_mode,19.0,Rental car: Dropped off at rental agency,43,0.12912912912912913,43.0,0.12912912912912913,2024-10-07
main_mode,13.0,Drove alone and parked,29,0.08708708708708708,29.0,0.08708708708708708,2024-10-07
main_mode,21.0,Hotel shuttle van,14,0.042042042042042045,14.0,0.042042042042042045,2024-10-07
main_mode,20.0,Rental car: parked rental car,9,0.02702702702702703,9.0,0.02702702702702703,2024-10-07
main_mode,9.0,Taxi,7,0.021021021021021023,7.0,0.021021021021021023,2024-10-07
main_mode,14.0,Drove with others and parked,7,0.021021021021021023,7.0,0.021021021021021023,2024-10-07
main_mode,27.0,Rental car: Picked up at rental agency,3,0.009009009009009009,3.0,0.009009009009009009,2024-10-07
main_mode,1.0,Walk,2,0.006006006006006006,2.0,0.006006006006006006,2024-10-07
main_mode,11.0,Car service/black car/limo/executive car,2,0.006006006006006006,2.0,0.006006006006006006,2024-10-07
main_mode,17.0,Chartered tour bus,1,0.003003003003003003,1.0,0.003003003003003003,2024-10-07
main_mode,18.0,Employee shuttle,1,0.003003003003003003,1.0,0.003003003003003003,2024-10-07
main_mode,30.0,Other public transit,1,0.003003003003003003,1.0,0.003003003003003003,2024-10-07
main_mode,22.0,Other shared van (please specify),1,0.003003003003003003,1.0,0.003003003003003003,2024-10-07
access_mode,1.0,Walk,8,0.38095238095238093,8.0,0.38095238095238093,2024-10-07
access_mode,13.0,Drove alone and parked,4,0.19047619047619047,4.0,0.19047619047619047,2024-10-07
access_mode,10.0,Uber/Lyft,3,0.14285714285714285,3.0,0.14285714285714285,2024-10-07
access_mode,12.0,Dropped off by car by family/friend,2,0.09523809523809523,2.0,0.09523809523809523,2024-10-07
access_mode,11.0,Car service/black car/limo/executive car,1,0.047619047619047616,1.0,0.047619047619047616,2024-10-07
access_mode,14.0,Drove with others and parked,1,0.047619047619047616,1.0,0.047619047619047616,2024-10-07
access_mode,98.0,Other,1,0.047619047619047616,1.0,0.047619047619047616,2024-10-07
access_mode,15.0,Rode with other traveler(s) and parked,1,0.047619047619047616,1.0,0.047619047619047616,2024-10-07
reverse_mode,12.0,Dropped off by car by family/friend,76,0.34080717488789236,76.0,0.34080717488789236,2024-10-07
reverse_mode,10.0,Uber/Lyft,61,0.273542600896861,61.0,0.273542600896861,2024-10-07
reverse_mode,21.0,Rental car: Dropped off at rental agency,43,0.19282511210762332,43.0,0.19282511210762332,2024-10-07
reverse_mode,23.0,Hotel shuttle van,9,0.04035874439461883,9.0,0.04035874439461883,2024-10-07
reverse_mode,22.0,Rental car: parked rental car,8,0.03587443946188341,8.0,0.03587443946188341,2024-10-07
reverse_mode,9.0,Taxi,7,0.03139013452914798,7.0,0.03139013452914798,2024-10-07
reverse_mode,17.0,Airport flyer shuttle,5,0.02242152466367713,5.0,0.02242152466367713,2024-10-07
reverse_mode,14.0,Drove with others and parked,5,0.02242152466367713,5.0,0.02242152466367713,2024-10-07
reverse_mode,16.0,MTS Route 992,3,0.013452914798206279,3.0,0.013452914798206279,2024-10-07
reverse_mode,13.0,Drove alone and parked,2,0.008968609865470852,2.0,0.008968609865470852,2024-10-07
reverse_mode,11.0,Car service/black car/limo/executive car,1,0.004484304932735426,1.0,0.004484304932735426,2024-10-07
reverse_mode,15.0,Rode with other traveler(s) and parked,1,0.004484304932735426,1.0,0.004484304932735426,2024-10-07
reverse_mode,18.0,Other public transit,1,0.004484304932735426,1.0,0.004484304932735426,2024-10-07
reverse_mode,24.0,Other shared van (please specify),1,0.004484304932735426,1.0,0.004484304932735426,2024-10-07
reverse_mode_predicted,10.0,Uber/Lyft,37,0.3557692307692308,37.0,0.3557692307692308,2024-10-07
reverse_mode_predicted,12.0,Dropped off by car by family/friend,35,0.33653846153846156,35.0,0.33653846153846156,2024-10-07
reverse_mode_predicted,13.0,Drove alone and parked,16,0.15384615384615385,16.0,0.15384615384615385,2024-10-07
reverse_mode_predicted,14.0,Drove with others and parked,4,0.038461538461538464,4.0,0.038461538461538464,2024-10-07
reverse_mode_predicted,15.0,Rode with other traveler(s) and parked,3,0.028846153846153848,3.0,0.028846153846153848,2024-10-07
reverse_mode_predicted,1.0,Walk,2,0.019230769230769232,2.0,0.019230769230769232,2024-10-07
reverse_mode_predicted,17.0,Airport flyer shuttle,2,0.019230769230769232,2.0,0.019230769230769232,2024-10-07
reverse_mode_predicted,9.0,Taxi,1,0.009615384615384616,1.0,0.009615384615384616,2024-10-07
reverse_mode_predicted,20.0,Employee shuttle,1,0.009615384615384616,1.0,0.009615384615384616,2024-10-07
reverse_mode_predicted,16.0,MTS Route 992,1,0.009615384615384616,1.0,0.009615384615384616,2024-10-07
reverse_mode_predicted,22.0,Rental car: parked rental car,1,0.009615384615384616,1.0,0.009615384615384616,2024-10-07
reverse_mode_predicted,21.0,Rental car: Dropped off at rental agency,1,0.009615384615384616,1.0,0.009615384615384616,2024-10-07
other_airport_accessmode,12.0,DROPPED OFF BY CAR BY FRIEND FAMILY,10,0.3125,10.0,0.3125,2024-10-07
other_airport_accessmode,14.0,DROVE WITH OTHERS AND PARKED,6,0.1875,6.0,0.1875,2024-10-07
other_airport_accessmode,10.0,UBER LYFT,6,0.1875,6.0,0.1875,2024-10-07
other_airport_accessmode,13.0,DROVE ALONE AND PARKED,4,0.125,4.0,0.125,2024-10-07
other_airport_accessmode,19.0,RENTAL CAR AND DROPPED IT OFF AT RENTAL AGENCY,2,0.0625,2.0,0.0625,2024-10-07
other_airport_accessmode,20.0,RENTAL CAR AND PARKED IT,2,0.0625,2.0,0.0625,2024-10-07
other_airport_accessmode,22.0,OTHER SHARED RIDE VAN SERVICE,1,0.03125,1.0,0.03125,2024-10-07
other_airport_accessmode,16.0,OTHER PUBLIC TRANSIT,1,0.03125,1.0,0.03125,2024-10-07
reverse_commute_mode,13.0,Get in a parked vehicle and drive alone,16,0.6956521739130435,16.0,0.6956521739130435,2024-10-07
reverse_commute_mode,14.0,Get in a parked vehicle and drive with others,3,0.13043478260869565,3.0,0.13043478260869565,2024-10-07
reverse_commute_mode,12.0,Picked up by car by family/friend,2,0.08695652173913043,2.0,0.08695652173913043,2024-10-07
reverse_commute_mode,17.0,Airport flyer shuttle,1,0.043478260869565216,1.0,0.043478260869565216,2024-10-07
reverse_commute_mode,16.0,MTS Route 992,1,0.043478260869565216,1.0,0.043478260869565216,2024-10-07
main_transit_mode,3,None of the above,322,0.9442815249266863,322.0,0.9442815249266863,2024-10-08
main_transit_mode,SDA_1_FLYER,Airport flyer shuttle,11,0.03225806451612903,11.0,0.03225806451612903,2024-10-08
main_transit_mode,MTS_1_992,MTS Route 992,8,0.02346041055718475,8.0,0.02346041055718475,2024-10-08
main_mode,12.0,Dropped off by car by family/friend,147,0.45652173913043476,147.0,0.45652173913043476,2024-10-08
main_mode,10.0,Uber/Lyft,96,0.2981366459627329,96.0,0.2981366459627329,2024-10-08
main_mode,19.0,Rental car: Dropped off at rental agency,27,0.08385093167701864,27.0,0.08385093167701864,2024-10-08
main_mode,13.0,Drove alone and parked,17,0.052795031055900624,17.0,0.052795031055900624,2024-10-08
main_mode,20.0,Rental car: parked rental car,9,0.027950310559006212,9.0,0.027950310559006212,2024-10-08
main_mode,21.0,Hotel shuttle van,7,0.021739130434782608,7.0,0.021739130434782608,2024-10-08
main_mode,14.0,Drove with others and parked,5,0.015527950310559006,5.0,0.015527950310559006,2024-10-08
main_mode,11.0,Car service/black car/limo/executive car,4,0.012422360248447204,4.0,0.012422360248447204,2024-10-08
main_mode,9.0,Taxi,3,0.009316770186335404,3.0,0.009316770186335404,2024-10-08
main_mode,23.0,Picked up by car by family/friend,3,0.009316770186335404,3.0,0.009316770186335404,2024-10-08
main_mode,22.0,Other shared van (please specify),2,0.006211180124223602,2.0,0.006211180124223602,2024-10-08
main_mode,18.0,Employee shuttle,1,0.003105590062111801,1.0,0.003105590062111801,2024-10-08
main_mode,29.0,Rode with other traveler(s) and parked,1,0.003105590062111801,1.0,0.003105590062111801,2024-10-08
access_mode,1.0,Walk,7,0.3684210526315789,7.0,0.3684210526315789,2024-10-08
access_mode,12.0,Dropped off by car by family/friend,4,0.21052631578947367,4.0,0.21052631578947367,2024-10-08
access_mode,13.0,Drove alone and parked,4,0.21052631578947367,4.0,0.21052631578947367,2024-10-08
access_mode,98.0,Other,2,0.10526315789473684,2.0,0.10526315789473684,2024-10-08
access_mode,10.0,Uber/Lyft,1,0.05263157894736842,1.0,0.05263157894736842,2024-10-08
access_mode,16.0,Other public transit,1,0.05263157894736842,1.0,0.05263157894736842,2024-10-08
reverse_mode,12.0,Dropped off by car by family/friend,65,0.38461538461538464,65.0,0.38461538461538464,2024-10-08
reverse_mode,10.0,Uber/Lyft,49,0.28994082840236685,49.0,0.28994082840236685,2024-10-08
reverse_mode,21.0,Rental car: Dropped off at rental agency,26,0.15384615384615385,26.0,0.15384615384615385,2024-10-08
reverse_mode,23.0,Hotel shuttle van,7,0.04142011834319527,7.0,0.04142011834319527,2024-10-08
reverse_mode,22.0,Rental car: parked rental car,5,0.029585798816568046,5.0,0.029585798816568046,2024-10-08
reverse_mode,17.0,Airport flyer shuttle,3,0.01775147928994083,3.0,0.01775147928994083,2024-10-08
reverse_mode,9.0,Taxi,3,0.01775147928994083,3.0,0.01775147928994083,2024-10-08
reverse_mode,11.0,Car service/black car/limo/executive car,3,0.01775147928994083,3.0,0.01775147928994083,2024-10-08
reverse_mode,13.0,Drove alone and parked,2,0.011834319526627219,2.0,0.011834319526627219,2024-10-08
reverse_mode,16.0,MTS Route 992,2,0.011834319526627219,2.0,0.011834319526627219,2024-10-08
reverse_mode,24.0,Other shared van (please specify),1,0.005917159763313609,1.0,0.005917159763313609,2024-10-08
reverse_mode,14.0,Drove with others and parked,1,0.005917159763313609,1.0,0.005917159763313609,2024-10-08
reverse_mode,15.0,Rode with other traveler(s) and parked,1,0.005917159763313609,1.0,0.005917159763313609,2024-10-08
reverse_mode,6.0,Bicycle: personal electric bicycle,1,0.005917159763313609,1.0,0.005917159763313609,2024-10-08
reverse_mode_predicted,12.0,Dropped off by car by family/friend,78,0.5064935064935064,78.0,0.5064935064935064,2024-10-08
reverse_mode_predicted,10.0,Uber/Lyft,43,0.2792207792207792,43.0,0.2792207792207792,2024-10-08
reverse_mode_predicted,13.0,Drove alone and parked,11,0.07142857142857142,11.0,0.07142857142857142,2024-10-08
reverse_mode_predicted,9.0,Taxi,4,0.025974025974025976,4.0,0.025974025974025976,2024-10-08
reverse_mode_predicted,14.0,Drove with others and parked,4,0.025974025974025976,4.0,0.025974025974025976,2024-10-08
reverse_mode_predicted,21.0,Rental car: Dropped off at rental agency,3,0.01948051948051948,3.0,0.01948051948051948,2024-10-08
reverse_mode_predicted,98.0,Other,3,0.01948051948051948,3.0,0.01948051948051948,2024-10-08
reverse_mode_predicted,17.0,Airport flyer shuttle,3,0.01948051948051948,3.0,0.01948051948051948,2024-10-08
reverse_mode_predicted,11.0,Car service/black car/limo/executive car,2,0.012987012987012988,2.0,0.012987012987012988,2024-10-08
reverse_mode_predicted,24.0,Other shared van (please specify),1,0.006493506493506494,1.0,0.006493506493506494,2024-10-08
reverse_mode_predicted,2.0,Wheelchair or other mobility device,1,0.006493506493506494,1.0,0.006493506493506494,2024-10-08
reverse_mode_predicted,16.0,MTS Route 992,1,0.006493506493506494,1.0,0.006493506493506494,2024-10-08
other_airport_accessmode,12.0,DROPPED OFF BY CAR BY FRIEND FAMILY,19,0.48717948717948717,19.0,0.48717948717948717,2024-10-08
other_airport_accessmode,10.0,UBER LYFT,5,0.1282051282051282,5.0,0.1282051282051282,2024-10-08
other_airport_accessmode,16.0,OTHER PUBLIC TRANSIT,5,0.1282051282051282,5.0,0.1282051282051282,2024-10-08
other_airport_accessmode,13.0,DROVE ALONE AND PARKED,3,0.07692307692307693,3.0,0.07692307692307693,2024-10-08
other_airport_accessmode,19.0,RENTAL CAR AND DROPPED IT OFF AT RENTAL AGENCY,2,0.05128205128205128,2.0,0.05128205128205128,2024-10-08
other_airport_accessmode,14.0,DROVE WITH OTHERS AND PARKED,1,0.02564102564102564,1.0,0.02564102564102564,2024-10-08
other_airport_accessmode,20.0,RENTAL CAR AND PARKED IT,1,0.02564102564102564,1.0,0.02564102564102564,2024-10-08
other_airport_accessmode,15.0,RODE WITH OTHER TRAVELER AND PARKED,1,0.02564102564102564,1.0,0.02564102564102564,2024-10-08
other_airport_accessmode,9.0,TAXI,1,0.02564102564102564,1.0,0.02564102564102564,2024-10-08
other_airport_accessmode,2.0,WHEELCHAIR OR OTHER MOBILITY DEVICE,1,0.02564102564102564,1.0,0.02564102564102564,2024-10-08
reverse_commute_mode,16.0,MTS Route 992,4,0.3333333333333333,4.0,0.3333333333333333,2024-10-08
reverse_commute_mode,13.0,Get in a parked vehicle and drive alone,4,0.3333333333333333,4.0,0.3333333333333333,2024-10-08
reverse_commute_mode,10.0,Uber/Lyft,2,0.16666666666666666,2.0,0.16666666666666666,2024-10-08
reverse_commute_mode,12.0,Picked up by car by family/friend,2,0.16666666666666666,2.0,0.16666666666666666,2024-10-08
main_transit_mode,3,None of the above,309,0.906158357771261,309.0,0.906158357771261,2024-10-09
main_transit_mode,SDA_1_FLYER,Airport flyer shuttle,30,0.08797653958944282,30.0,0.08797653958944282,2024-10-09
main_transit_mode,MTS_1_992,MTS Route 992,2,0.005865102639296188,2.0,0.005865102639296188,2024-10-09
main_mode,10.0,Uber/Lyft,125,0.4045307443365696,125.0,0.4045307443365696,2024-10-09
main_mode,12.0,Dropped off by car by family/friend,86,0.2783171521035599,86.0,0.2783171521035599,2024-10-09
main_mode,19.0,Rental car: Dropped off at rental agency,26,0.08414239482200647,26.0,0.08414239482200647,2024-10-09
main_mode,13.0,Drove alone and parked,12,0.038834951456310676,12.0,0.038834951456310676,2024-10-09
main_mode,9.0,Taxi,11,0.03559870550161812,11.0,0.03559870550161812,2024-10-09
main_mode,21.0,Hotel shuttle van,11,0.03559870550161812,11.0,0.03559870550161812,2024-10-09
main_mode,20.0,Rental car: parked rental car,11,0.03559870550161812,11.0,0.03559870550161812,2024-10-09
main_mode,22.0,Other shared van (please specify),8,0.025889967637540454,8.0,0.025889967637540454,2024-10-09
main_mode,14.0,Drove with others and parked,5,0.016181229773462782,5.0,0.016181229773462782,2024-10-09
main_mode,11.0,Car service/black car/limo/executive car,5,0.016181229773462782,5.0,0.016181229773462782,2024-10-09
main_mode,17.0,Chartered tour bus,4,0.012944983818770227,4.0,0.012944983818770227,2024-10-09
main_mode,1.0,Walk,3,0.009708737864077669,3.0,0.009708737864077669,2024-10-09
main_mode,30.0,Other public transit,1,0.003236245954692557,1.0,0.003236245954692557,2024-10-09
main_mode,27.0,Rental car: Picked up at rental agency,1,0.003236245954692557,1.0,0.003236245954692557,2024-10-09
access_mode,13.0,Drove alone and parked,17,0.53125,17.0,0.53125,2024-10-09
access_mode,1.0,Walk,7,0.21875,7.0,0.21875,2024-10-09
access_mode,12.0,Dropped off by car by family/friend,3,0.09375,3.0,0.09375,2024-10-09
access_mode,10.0,Uber/Lyft,2,0.0625,2.0,0.0625,2024-10-09
access_mode,15.0,Rode with other traveler(s) and parked,1,0.03125,1.0,0.03125,2024-10-09
access_mode,11.0,Car service/black car/limo/executive car,1,0.03125,1.0,0.03125,2024-10-09
access_mode,14.0,Drove with others and parked,1,0.03125,1.0,0.03125,2024-10-09
reverse_mode,10.0,Uber/Lyft,77,0.4010416666666667,77.0,0.4010416666666667,2024-10-09
reverse_mode,21.0,Rental car: Dropped off at rental agency,32,0.16666666666666666,32.0,0.16666666666666666,2024-10-09
reverse_mode,12.0,Dropped off by car by family/friend,32,0.16666666666666666,32.0,0.16666666666666666,2024-10-09
reverse_mode,9.0,Taxi,14,0.07291666666666667,14.0,0.07291666666666667,2024-10-09
reverse_mode,22.0,Rental car: parked rental car,8,0.041666666666666664,8.0,0.041666666666666664,2024-10-09
reverse_mode,24.0,Other shared van (please specify),7,0.036458333333333336,7.0,0.036458333333333336,2024-10-09
reverse_mode,1.0,Walk,4,0.020833333333333332,4.0,0.020833333333333332,2024-10-09
reverse_mode,23.0,Hotel shuttle van,4,0.020833333333333332,4.0,0.020833333333333332,2024-10-09
reverse_mode,19.0,Chartered tour bus,3,0.015625,3.0,0.015625,2024-10-09
reverse_mode,18.0,Other public transit,3,0.015625,3.0,0.015625,2024-10-09
reverse_mode,11.0,Car service/black car/limo/executive car,2,0.010416666666666666,2.0,0.010416666666666666,2024-10-09
reverse_mode,14.0,Drove with others and parked,2,0.010416666666666666,2.0,0.010416666666666666,2024-10-09
reverse_mode,17.0,Airport flyer shuttle,2,0.010416666666666666,2.0,0.010416666666666666,2024-10-09
reverse_mode,16.0,MTS Route 992,1,0.005208333333333333,1.0,0.005208333333333333,2024-10-09
reverse_mode,20.0,Employee shuttle,1,0.005208333333333333,1.0,0.005208333333333333,2024-10-09
reverse_mode_predicted,12.0,Dropped off by car by family/friend,58,0.4793388429752066,58.0,0.4793388429752066,2024-10-09
reverse_mode_predicted,10.0,Uber/Lyft,37,0.30578512396694213,37.0,0.30578512396694213,2024-10-09
reverse_mode_predicted,13.0,Drove alone and parked,9,0.0743801652892562,9.0,0.0743801652892562,2024-10-09
reverse_mode_predicted,14.0,Drove with others and parked,4,0.03305785123966942,4.0,0.03305785123966942,2024-10-09
reverse_mode_predicted,11.0,Car service/black car/limo/executive car,2,0.01652892561983471,2.0,0.01652892561983471,2024-10-09
reverse_mode_predicted,22.0,Rental car: parked rental car,2,0.01652892561983471,2.0,0.01652892561983471,2024-10-09
reverse_mode_predicted,18.0,Other public transit,2,0.01652892561983471,2.0,0.01652892561983471,2024-10-09
reverse_mode_predicted,24.0,Other shared van (please specify),2,0.01652892561983471,2.0,0.01652892561983471,2024-10-09
reverse_mode_predicted,15.0,Rode with other traveler(s) and parked,1,0.008264462809917356,1.0,0.008264462809917356,2024-10-09
reverse_mode_predicted,23.0,Hotel shuttle van,1,0.008264462809917356,1.0,0.008264462809917356,2024-10-09
reverse_mode_predicted,17.0,Airport flyer shuttle,1,0.008264462809917356,1.0,0.008264462809917356,2024-10-09
reverse_mode_predicted,21.0,Rental car: Dropped off at rental agency,1,0.008264462809917356,1.0,0.008264462809917356,2024-10-09
reverse_mode_predicted,9.0,Taxi,1,0.008264462809917356,1.0,0.008264462809917356,2024-10-09
other_airport_accessmode,12.0,DROPPED OFF BY CAR BY FRIEND FAMILY,20,0.4878048780487805,20.0,0.4878048780487805,2024-10-09
other_airport_accessmode,10.0,UBER LYFT,11,0.2682926829268293,11.0,0.2682926829268293,2024-10-09
other_airport_accessmode,13.0,DROVE ALONE AND PARKED,3,0.07317073170731707,3.0,0.07317073170731707,2024-10-09
other_airport_accessmode,19.0,RENTAL CAR AND DROPPED IT OFF AT RENTAL AGENCY,2,0.04878048780487805,2.0,0.04878048780487805,2024-10-09
other_airport_accessmode,21.0,HOTEL SHUTTLE VAN,1,0.024390243902439025,1.0,0.024390243902439025,2024-10-09
other_airport_accessmode,1.0,WALK,1,0.024390243902439025,1.0,0.024390243902439025,2024-10-09
other_airport_accessmode,16.0,OTHER PUBLIC TRANSIT,1,0.024390243902439025,1.0,0.024390243902439025,2024-10-09
other_airport_accessmode,2.0,WHEELCHAIR OR OTHER MOBILITY DEVICE,1,0.024390243902439025,1.0,0.024390243902439025,2024-10-09
other_airport_accessmode,9.0,TAXI,1,0.024390243902439025,1.0,0.024390243902439025,2024-10-09
reverse_commute_mode,13.0,Get in a parked vehicle and drive alone,21,0.875,21.0,0.875,2024-10-09
reverse_commute_mode,11.0,Car service/black car/limo/executive car,1,0.041666666666666664,1.0,0.041666666666666664,2024-10-09
reverse_commute_mode,10.0,Uber/Lyft,1,0.041666666666666664,1.0,0.041666666666666664,2024-10-09
reverse_commute_mode,12.0,Picked up by car by family/friend,1,0.041666666666666664,1.0,0.041666666666666664,2024-10-09
main_transit_mode,3,None of the above,311,0.886039886039886,311.0,0.886039886039886,2024-10-10
main_transit_mode,SDA_1_FLYER,Airport flyer shuttle,34,0.09686609686609686,34.0,0.09686609686609686,2024-10-10
main_transit_mode,MTS_1_992,MTS Route 992,6,0.017094017094017096,6.0,0.017094017094017096,2024-10-10
main_mode,10.0,Uber/Lyft,111,0.35691318327974275,111.0,0.35691318327974275,2024-10-10
main_mode,12.0,Dropped off by car by family/friend,95,0.3054662379421222,95.0,0.3054662379421222,2024-10-10
main_mode,19.0,Rental car: Dropped off at rental agency,32,0.10289389067524116,32.0,0.10289389067524116,2024-10-10
main_mode,21.0,Hotel shuttle van,12,0.03858520900321544,12.0,0.03858520900321544,2024-10-10
main_mode,14.0,Drove with others and parked,11,0.03536977491961415,11.0,0.03536977491961415,2024-10-10
main_mode,13.0,Drove alone and parked,11,0.03536977491961415,11.0,0.03536977491961415,2024-10-10
main_mode,20.0,Rental car: parked rental car,9,0.028938906752411574,9.0,0.028938906752411574,2024-10-10
main_mode,9.0,Taxi,7,0.022508038585209004,7.0,0.022508038585209004,2024-10-10
main_mode,98.0,Other,5,0.01607717041800643,5.0,0.01607717041800643,2024-10-10
main_mode,22.0,Other shared van (please specify),5,0.01607717041800643,5.0,0.01607717041800643,2024-10-10
main_mode,18.0,Employee shuttle,3,0.00964630225080386,3.0,0.00964630225080386,2024-10-10
main_mode,30.0,Other public transit,3,0.00964630225080386,3.0,0.00964630225080386,2024-10-10
main_mode,11.0,Car service/black car/limo/executive car,3,0.00964630225080386,3.0,0.00964630225080386,2024-10-10
main_mode,17.0,Chartered tour bus,3,0.00964630225080386,3.0,0.00964630225080386,2024-10-10
main_mode,23.0,Picked up by car by family/friend,1,0.003215434083601286,1.0,0.003215434083601286,2024-10-10
access_mode,13.0,Drove alone and parked,23,0.575,23.0,0.575,2024-10-10
access_mode,12.0,Dropped off by car by family/friend,6,0.15,6.0,0.15,2024-10-10
access_mode,1.0,Walk,5,0.125,5.0,0.125,2024-10-10
access_mode,16.0,Other public transit,2,0.05,2.0,0.05,2024-10-10
access_mode,14.0,Drove with others and parked,1,0.025,1.0,0.025,2024-10-10
access_mode,10.0,Uber/Lyft,1,0.025,1.0,0.025,2024-10-10
access_mode,11.0,Car service/black car/limo/executive car,1,0.025,1.0,0.025,2024-10-10
access_mode,9.0,Taxi,1,0.025,1.0,0.025,2024-10-10
reverse_mode,10.0,Uber/Lyft,65,0.4140127388535032,65.0,0.4140127388535032,2024-10-10
reverse_mode,21.0,Rental car: Dropped off at rental agency,32,0.20382165605095542,32.0,0.20382165605095542,2024-10-10
reverse_mode,12.0,Dropped off by car by family/friend,24,0.15286624203821655,24.0,0.15286624203821655,2024-10-10
reverse_mode,23.0,Hotel shuttle van,11,0.07006369426751592,11.0,0.07006369426751592,2024-10-10
reverse_mode,22.0,Rental car: parked rental car,6,0.03821656050955414,6.0,0.03821656050955414,2024-10-10
reverse_mode,24.0,Other shared van (please specify),5,0.03184713375796178,5.0,0.03184713375796178,2024-10-10
reverse_mode,9.0,Taxi,4,0.025477707006369428,4.0,0.025477707006369428,2024-10-10
reverse_mode,17.0,Airport flyer shuttle,3,0.01910828025477707,3.0,0.01910828025477707,2024-10-10
reverse_mode,11.0,Car service/black car/limo/executive car,2,0.012738853503184714,2.0,0.012738853503184714,2024-10-10
reverse_mode,18.0,Other public transit,2,0.012738853503184714,2.0,0.012738853503184714,2024-10-10
reverse_mode,16.0,MTS Route 992,2,0.012738853503184714,2.0,0.012738853503184714,2024-10-10
reverse_mode,1.0,Walk,1,0.006369426751592357,1.0,0.006369426751592357,2024-10-10
reverse_mode_predicted,12.0,Dropped off by car by family/friend,76,0.49673202614379086,76.0,0.49673202614379086,2024-10-10
reverse_mode_predicted,10.0,Uber/Lyft,43,0.28104575163398693,43.0,0.28104575163398693,2024-10-10
reverse_mode_predicted,14.0,Drove with others and parked,12,0.0784313725490196,12.0,0.0784313725490196,2024-10-10
reverse_mode_predicted,13.0,Drove alone and parked,7,0.0457516339869281,7.0,0.0457516339869281,2024-10-10
reverse_mode_predicted,18.0,Other public transit,3,0.0196078431372549,3.0,0.0196078431372549,2024-10-10
reverse_mode_predicted,20.0,Employee shuttle,3,0.0196078431372549,3.0,0.0196078431372549,2024-10-10
reverse_mode_predicted,98.0,Other,2,0.013071895424836602,2.0,0.013071895424836602,2024-10-10
reverse_mode_predicted,11.0,Car service/black car/limo/executive car,2,0.013071895424836602,2.0,0.013071895424836602,2024-10-10
reverse_mode_predicted,24.0,Other shared van (please specify),1,0.006535947712418301,1.0,0.006535947712418301,2024-10-10
reverse_mode_predicted,17.0,Airport flyer shuttle,1,0.006535947712418301,1.0,0.006535947712418301,2024-10-10
reverse_mode_predicted,21.0,Rental car: Dropped off at rental agency,1,0.006535947712418301,1.0,0.006535947712418301,2024-10-10
reverse_mode_predicted,15.0,Rode with other traveler(s) and parked,1,0.006535947712418301,1.0,0.006535947712418301,2024-10-10
reverse_mode_predicted,9.0,Taxi,1,0.006535947712418301,1.0,0.006535947712418301,2024-10-10
other_airport_accessmode,12.0,DROPPED OFF BY CAR BY FRIEND FAMILY,25,0.6410256410256411,25.0,0.6410256410256411,2024-10-10
other_airport_accessmode,10.0,UBER LYFT,4,0.10256410256410256,4.0,0.10256410256410256,2024-10-10
other_airport_accessmode,14.0,DROVE WITH OTHERS AND PARKED,2,0.05128205128205128,2.0,0.05128205128205128,2024-10-10
other_airport_accessmode,19.0,RENTAL CAR AND DROPPED IT OFF AT RENTAL AGENCY,2,0.05128205128205128,2.0,0.05128205128205128,2024-10-10
other_airport_accessmode,2.0,WHEELCHAIR OR OTHER MOBILITY DEVICE,2,0.05128205128205128,2.0,0.05128205128205128,2024-10-10
other_airport_accessmode,3.0,ELECTRIC BIKESHARE,1,0.02564102564102564,1.0,0.02564102564102564,2024-10-10
other_airport_accessmode,13.0,DROVE ALONE AND PARKED,1,0.02564102564102564,1.0,0.02564102564102564,2024-10-10
other_airport_accessmode,20.0,RENTAL CAR AND PARKED IT,1,0.02564102564102564,1.0,0.02564102564102564,2024-10-10
other_airport_accessmode,18.0,EMPLOYEE SHUTTLE,1,0.02564102564102564,1.0,0.02564102564102564,2024-10-10
reverse_commute_mode,13.0,Get in a parked vehicle and drive alone,25,0.7142857142857143,25.0,0.7142857142857143,2024-10-10
reverse_commute_mode,12.0,Picked up by car by family/friend,4,0.11428571428571428,4.0,0.11428571428571428,2024-10-10
reverse_commute_mode,16.0,MTS Route 992,3,0.08571428571428572,3.0,0.08571428571428572,2024-10-10
reverse_commute_mode,14.0,Get in a parked vehicle and drive with others,2,0.05714285714285714,2.0,0.05714285714285714,2024-10-10
reverse_commute_mode,1.0,Walk,1,0.02857142857142857,1.0,0.02857142857142857,2024-10-10
main_transit_mode,3,None of the above,109,0.7414965986394558,109.0,0.7414965986394558,2024-10-11
main_transit_mode,SDA_1_FLYER,Airport flyer shuttle,20,0.1360544217687075,20.0,0.1360544217687075,2024-10-11
main_transit_mode,MTS_1_992,MTS Route 992,18,0.12244897959183673,18.0,0.12244897959183673,2024-10-11
main_mode,10.0,Uber/Lyft,32,0.29357798165137616,32.0,0.29357798165137616,2024-10-11
main_mode,12.0,Dropped off by car by family/friend,27,0.24770642201834864,27.0,0.24770642201834864,2024-10-11
main_mode,19.0,Rental car: Dropped off at rental agency,19,0.1743119266055046,19.0,0.1743119266055046,2024-10-11
main_mode,21.0,Hotel shuttle van,7,0.06422018348623854,7.0,0.06422018348623854,2024-10-11
main_mode,13.0,Drove alone and parked,5,0.045871559633027525,5.0,0.045871559633027525,2024-10-11
main_mode,98.0,Other,4,0.03669724770642202,4.0,0.03669724770642202,2024-10-11
main_mode,11.0,Car service/black car/limo/executive car,3,0.027522935779816515,3.0,0.027522935779816515,2024-10-11
main_mode,20.0,Rental car: parked rental car,3,0.027522935779816515,3.0,0.027522935779816515,2024-10-11
main_mode,14.0,Drove with others and parked,3,0.027522935779816515,3.0,0.027522935779816515,2024-10-11
main_mode,9.0,Taxi,3,0.027522935779816515,3.0,0.027522935779816515,2024-10-11
main_mode,18.0,Employee shuttle,2,0.01834862385321101,2.0,0.01834862385321101,2024-10-11
main_mode,30.0,Other public transit,1,0.009174311926605505,1.0,0.009174311926605505,2024-10-11
access_mode,13.0,Drove alone and parked,17,0.5,17.0,0.5,2024-10-11
access_mode,1.0,Walk,12,0.35294117647058826,12.0,0.35294117647058826,2024-10-11
access_mode,12.0,Dropped off by car by family/friend,3,0.08823529411764706,3.0,0.08823529411764706,2024-10-11
access_mode,16.0,Other public transit,1,0.029411764705882353,1.0,0.029411764705882353,2024-10-11
access_mode,10.0,Uber/Lyft,1,0.029411764705882353,1.0,0.029411764705882353,2024-10-11
egress_mode,1.0,Walk,3,0.75,3.0,0.75,2024-10-11
egress_mode,14.0,Picked up by car by family/friend,1,0.25,1.0,0.25,2024-10-11
reverse_mode,10.0,Uber/Lyft,21,0.3230769230769231,21.0,0.3230769230769231,2024-10-11
reverse_mode,21.0,Rental car: Dropped off at rental agency,15,0.23076923076923078,15.0,0.23076923076923078,2024-10-11
reverse_mode,12.0,Dropped off by car by family/friend,8,0.12307692307692308,8.0,0.12307692307692308,2024-10-11
reverse_mode,23.0,Hotel shuttle van,5,0.07692307692307693,5.0,0.07692307692307693,2024-10-11
reverse_mode,9.0,Taxi,4,0.06153846153846154,4.0,0.06153846153846154,2024-10-11
reverse_mode,16.0,MTS Route 992,4,0.06153846153846154,4.0,0.06153846153846154,2024-10-11
reverse_mode,24.0,Other shared van (please specify),3,0.046153846153846156,3.0,0.046153846153846156,2024-10-11
reverse_mode,22.0,Rental car: parked rental car,3,0.046153846153846156,3.0,0.046153846153846156,2024-10-11
reverse_mode,20.0,Employee shuttle,1,0.015384615384615385,1.0,0.015384615384615385,2024-10-11
reverse_mode,18.0,Other public transit,1,0.015384615384615385,1.0,0.015384615384615385,2024-10-11
reverse_mode_predicted,12.0,Dropped off by car by family/friend,23,0.45098039215686275,23.0,0.45098039215686275,2024-10-11
reverse_mode_predicted,10.0,Uber/Lyft,14,0.27450980392156865,14.0,0.27450980392156865,2024-10-11
reverse_mode_predicted,13.0,Drove alone and parked,4,0.0784313725490196,4.0,0.0784313725490196,2024-10-11
reverse_mode_predicted,98.0,Other,3,0.058823529411764705,3.0,0.058823529411764705,2024-10-11
reverse_mode_predicted,11.0,Car service/black car/limo/executive car,2,0.0392156862745098,2.0,0.0392156862745098,2024-10-11
reverse_mode_predicted,14.0,Drove with others and parked,2,0.0392156862745098,2.0,0.0392156862745098,2024-10-11
reverse_mode_predicted,20.0,Employee shuttle,1,0.0196078431372549,1.0,0.0196078431372549,2024-10-11
reverse_mode_predicted,23.0,Hotel shuttle van,1,0.0196078431372549,1.0,0.0196078431372549,2024-10-11
reverse_mode_predicted,16.0,MTS Route 992,1,0.0196078431372549,1.0,0.0196078431372549,2024-10-11
other_airport_accessmode,10.0,UBER LYFT,5,0.3333333333333333,5.0,0.3333333333333333,2024-10-11
other_airport_accessmode,13.0,DROVE ALONE AND PARKED,3,0.2,3.0,0.2,2024-10-11
other_airport_accessmode,12.0,DROPPED OFF BY CAR BY FRIEND FAMILY,3,0.2,3.0,0.2,2024-10-11
other_airport_accessmode,19.0,RENTAL CAR AND DROPPED IT OFF AT RENTAL AGENCY,1,0.06666666666666667,1.0,0.06666666666666667,2024-10-11
other_airport_accessmode,9.0,TAXI,1,0.06666666666666667,1.0,0.06666666666666667,2024-10-11
other_airport_accessmode,16.0,OTHER PUBLIC TRANSIT,1,0.06666666666666667,1.0,0.06666666666666667,2024-10-11
other_airport_accessmode,1.0,WALK,1,0.06666666666666667,1.0,0.06666666666666667,2024-10-11
reverse_commute_mode,13.0,Get in a parked vehicle and drive alone,16,0.6153846153846154,16.0,0.6153846153846154,2024-10-11
reverse_commute_mode,16.0,MTS Route 992,6,0.23076923076923078,6.0,0.23076923076923078,2024-10-11
reverse_commute_mode,12.0,Picked up by car by family/friend,3,0.11538461538461539,3.0,0.11538461538461539,2024-10-11
reverse_commute_mode,1.0,Walk,1,0.038461538461538464,1.0,0.038461538461538464,2024-10-11
main_transit_mode,3,None of the above,245,0.9722222222222222,245.0,0.9722222222222222,2024-10-12
main_transit_mode,MTS_1_992,MTS Route 992,4,0.015873015873015872,4.0,0.015873015873015872,2024-10-12
main_transit_mode,SDA_1_FLYER,Airport flyer shuttle,3,0.011904761904761904,3.0,0.011904761904761904,2024-10-12
main_mode,12.0,Dropped off by car by family/friend,95,0.3877551020408163,95.0,0.3877551020408163,2024-10-12
main_mode,10.0,Uber/Lyft,66,0.2693877551020408,66.0,0.2693877551020408,2024-10-12
main_mode,19.0,Rental car: Dropped off at rental agency,42,0.17142857142857143,42.0,0.17142857142857143,2024-10-12
main_mode,20.0,Rental car: parked rental car,12,0.04897959183673469,12.0,0.04897959183673469,2024-10-12
main_mode,9.0,Taxi,10,0.04081632653061224,10.0,0.04081632653061224,2024-10-12
main_mode,13.0,Drove alone and parked,8,0.0326530612244898,8.0,0.0326530612244898,2024-10-12
main_mode,21.0,Hotel shuttle van,3,0.012244897959183673,3.0,0.012244897959183673,2024-10-12
main_mode,14.0,Drove with others and parked,3,0.012244897959183673,3.0,0.012244897959183673,2024-10-12
main_mode,11.0,Car service/black car/limo/executive car,2,0.00816326530612245,2.0,0.00816326530612245,2024-10-12
main_mode,28.0,Rental car: get in a parked rental car,1,0.004081632653061225,1.0,0.004081632653061225,2024-10-12
main_mode,30.0,Other public transit,1,0.004081632653061225,1.0,0.004081632653061225,2024-10-12
main_mode,98.0,Other,1,0.004081632653061225,1.0,0.004081632653061225,2024-10-12
main_mode,23.0,Picked up by car by family/friend,1,0.004081632653061225,1.0,0.004081632653061225,2024-10-12
access_mode,16.0,Other public transit,3,0.42857142857142855,3.0,0.42857142857142855,2024-10-12
access_mode,1.0,Walk,2,0.2857142857142857,2.0,0.2857142857142857,2024-10-12
access_mode,10.0,Uber/Lyft,1,0.14285714285714285,1.0,0.14285714285714285,2024-10-12
access_mode,12.0,Dropped off by car by family/friend,1,0.14285714285714285,1.0,0.14285714285714285,2024-10-12
reverse_mode,12.0,Dropped off by car by family/friend,70,0.3645833333333333,70.0,0.3645833333333333,2024-10-12
reverse_mode,10.0,Uber/Lyft,44,0.22916666666666666,44.0,0.22916666666666666,2024-10-12
reverse_mode,21.0,Rental car: Dropped off at rental agency,38,0.19791666666666666,38.0,0.19791666666666666,2024-10-12
reverse_mode,22.0,Rental car: parked rental car,16,0.08333333333333333,16.0,0.08333333333333333,2024-10-12
reverse_mode,9.0,Taxi,11,0.057291666666666664,11.0,0.057291666666666664,2024-10-12
reverse_mode,23.0,Hotel shuttle van,5,0.026041666666666668,5.0,0.026041666666666668,2024-10-12
reverse_mode,16.0,MTS Route 992,3,0.015625,3.0,0.015625,2024-10-12
reverse_mode,18.0,Other public transit,2,0.010416666666666666,2.0,0.010416666666666666,2024-10-12
reverse_mode,11.0,Car service/black car/limo/executive car,2,0.010416666666666666,2.0,0.010416666666666666,2024-10-12
reverse_mode,19.0,Chartered tour bus,1,0.005208333333333333,1.0,0.005208333333333333,2024-10-12
reverse_mode_predicted,12.0,Dropped off by car by family/friend,29,0.5576923076923077,29.0,0.5576923076923077,2024-10-12
reverse_mode_predicted,10.0,Uber/Lyft,15,0.28846153846153844,15.0,0.28846153846153844,2024-10-12
reverse_mode_predicted,13.0,Drove alone and parked,3,0.057692307692307696,3.0,0.057692307692307696,2024-10-12
reverse_mode_predicted,14.0,Drove with others and parked,2,0.038461538461538464,2.0,0.038461538461538464,2024-10-12
reverse_mode_predicted,9.0,Taxi,2,0.038461538461538464,2.0,0.038461538461538464,2024-10-12
reverse_mode_predicted,17.0,Airport flyer shuttle,1,0.019230769230769232,1.0,0.019230769230769232,2024-10-12
other_airport_accessmode,12.0,DROPPED OFF BY CAR BY FRIEND FAMILY,14,0.56,14.0,0.56,2024-10-12
other_airport_accessmode,10.0,UBER LYFT,6,0.24,6.0,0.24,2024-10-12
other_airport_accessmode,16.0,OTHER PUBLIC TRANSIT,3,0.12,3.0,0.12,2024-10-12
other_airport_accessmode,1.0,WALK,1,0.04,1.0,0.04,2024-10-12
other_airport_accessmode,13.0,DROVE ALONE AND PARKED,1,0.04,1.0,0.04,2024-10-12
reverse_commute_mode,13.0,Get in a parked vehicle and drive alone,4,0.6666666666666666,4.0,0.6666666666666666,2024-10-12
reverse_commute_mode,98.0,Other,1,0.16666666666666666,1.0,0.16666666666666666,2024-10-12
reverse_commute_mode,10.0,Uber/Lyft,1,0.16666666666666666,1.0,0.16666666666666666,2024-10-12
main_transit_mode,3,None of the above,144,0.993103448275862,144.0,0.993103448275862,2024-10-13
main_transit_mode,SDA_1_FLYER,Airport flyer shuttle,1,0.006896551724137931,1.0,0.006896551724137931,2024-10-13
main_mode,12.0,Dropped off by car by family/friend,54,0.375,54.0,0.375,2024-10-13
main_mode,10.0,Uber/Lyft,43,0.2986111111111111,43.0,0.2986111111111111,2024-10-13
main_mode,19.0,Rental car: Dropped off at rental agency,27,0.1875,27.0,0.1875,2024-10-13
main_mode,13.0,Drove alone and parked,6,0.041666666666666664,6.0,0.041666666666666664,2024-10-13
main_mode,9.0,Taxi,4,0.027777777777777776,4.0,0.027777777777777776,2024-10-13
main_mode,14.0,Drove with others and parked,3,0.020833333333333332,3.0,0.020833333333333332,2024-10-13
main_mode,20.0,Rental car: parked rental car,3,0.020833333333333332,3.0,0.020833333333333332,2024-10-13
main_mode,21.0,Hotel shuttle van,2,0.013888888888888888,2.0,0.013888888888888888,2024-10-13
main_mode,17.0,Chartered tour bus,2,0.013888888888888888,2.0,0.013888888888888888,2024-10-13
access_mode,1.0,Walk,1,1.0,1.0,1.0,2024-10-13
reverse_mode,12.0,Dropped off by car by family/friend,36,0.32727272727272727,36.0,0.32727272727272727,2024-10-13
reverse_mode,10.0,Uber/Lyft,33,0.3,33.0,0.3,2024-10-13
reverse_mode,21.0,Rental car: Dropped off at rental agency,20,0.18181818181818182,20.0,0.18181818181818182,2024-10-13
reverse_mode,22.0,Rental car: parked rental car,11,0.1,11.0,0.1,2024-10-13
reverse_mode,14.0,Drove with others and parked,4,0.03636363636363636,4.0,0.03636363636363636,2024-10-13
reverse_mode,23.0,Hotel shuttle van,2,0.01818181818181818,2.0,0.01818181818181818,2024-10-13
reverse_mode,9.0,Taxi,2,0.01818181818181818,2.0,0.01818181818181818,2024-10-13
reverse_mode,17.0,Airport flyer shuttle,2,0.01818181818181818,2.0,0.01818181818181818,2024-10-13
reverse_mode_predicted,12.0,Dropped off by car by family/friend,14,0.5185185185185185,14.0,0.5185185185185185,2024-10-13
reverse_mode_predicted,10.0,Uber/Lyft,11,0.4074074074074074,11.0,0.4074074074074074,2024-10-13
reverse_mode_predicted,13.0,Drove alone and parked,2,0.07407407407407407,2.0,0.07407407407407407,2024-10-13
other_airport_accessmode,10.0,UBER LYFT,4,0.4444444444444444,4.0,0.4444444444444444,2024-10-13
other_airport_accessmode,12.0,DROPPED OFF BY CAR BY FRIEND FAMILY,4,0.4444444444444444,4.0,0.4444444444444444,2024-10-13
other_airport_accessmode,9.0,TAXI,1,0.1111111111111111,1.0,0.1111111111111111,2024-10-13
reverse_commute_mode,13.0,Get in a parked vehicle and drive alone,3,0.5,3.0,0.5,2024-10-13
reverse_commute_mode,12.0,Picked up by car by family/friend,1,0.16666666666666666,1.0,0.16666666666666666,2024-10-13
reverse_commute_mode,15.0,Get in a parked vehicle and ride with other traveler(s),1,0.16666666666666666,1.0,0.16666666666666666,2024-10-13
reverse_commute_mode,14.0,Get in a parked vehicle and drive with others,1,0.16666666666666666,1.0,0.16666666666666666,2024-10-13
main_transit_mode,3,None of the above,274,0.9163879598662207,274.0,0.9163879598662207,2024-10-14
main_transit_mode,MTS_1_992,MTS Route 992,21,0.07023411371237458,21.0,0.07023411371237458,2024-10-14
main_transit_mode,SDA_1_FLYER,Airport flyer shuttle,4,0.013377926421404682,4.0,0.013377926421404682,2024-10-14
main_mode,12.0,Dropped off by car by family/friend,93,0.33941605839416056,93.0,0.33941605839416056,2024-10-14
main_mode,10.0,Uber/Lyft,76,0.2773722627737226,76.0,0.2773722627737226,2024-10-14
main_mode,19.0,Rental car: Dropped off at rental agency,43,0.15693430656934307,43.0,0.15693430656934307,2024-10-14
main_mode,13.0,Drove alone and parked,30,0.10948905109489052,30.0,0.10948905109489052,2024-10-14
main_mode,20.0,Rental car: parked rental car,10,0.0364963503649635,10.0,0.0364963503649635,2024-10-14
main_mode,21.0,Hotel shuttle van,4,0.014598540145985401,4.0,0.014598540145985401,2024-10-14
main_mode,98.0,Other,3,0.010948905109489052,3.0,0.010948905109489052,2024-10-14
main_mode,9.0,Taxi,3,0.010948905109489052,3.0,0.010948905109489052,2024-10-14
main_mode,30.0,Other public transit,2,0.0072992700729927005,2.0,0.0072992700729927005,2024-10-14
main_mode,23.0,Picked up by car by family/friend,2,0.0072992700729927005,2.0,0.0072992700729927005,2024-10-14
main_mode,29.0,Rode with other traveler(s) and parked,2,0.0072992700729927005,2.0,0.0072992700729927005,2024-10-14
main_mode,17.0,Chartered tour bus,2,0.0072992700729927005,2.0,0.0072992700729927005,2024-10-14
main_mode,22.0,Other shared van (please specify),2,0.0072992700729927005,2.0,0.0072992700729927005,2024-10-14
main_mode,14.0,Drove with others and parked,1,0.0036496350364963502,1.0,0.0036496350364963502,2024-10-14
main_mode,1.0,Walk,1,0.0036496350364963502,1.0,0.0036496350364963502,2024-10-14
access_mode,1.0,Walk,12,0.5454545454545454,12.0,0.5454545454545454,2024-10-14
access_mode,98.0,Other,3,0.13636363636363635,3.0,0.13636363636363635,2024-10-14
access_mode,12.0,Dropped off by car by family/friend,3,0.13636363636363635,3.0,0.13636363636363635,2024-10-14
access_mode,14.0,Drove with others and parked,2,0.09090909090909091,2.0,0.09090909090909091,2024-10-14
access_mode,16.0,Other public transit,1,0.045454545454545456,1.0,0.045454545454545456,2024-10-14
access_mode,11.0,Car service/black car/limo/executive car,1,0.045454545454545456,1.0,0.045454545454545456,2024-10-14
egress_mode,1.0,Walk,2,0.6666666666666666,2.0,0.6666666666666666,2024-10-14
egress_mode,14.0,Picked up by car by family/friend,1,0.3333333333333333,1.0,0.3333333333333333,2024-10-14
reverse_mode,12.0,Dropped off by car by family/friend,68,0.35233160621761656,68.0,0.35233160621761656,2024-10-14
reverse_mode,10.0,Uber/Lyft,50,0.25906735751295334,50.0,0.25906735751295334,2024-10-14
reverse_mode,21.0,Rental car: Dropped off at rental agency,38,0.19689119170984457,38.0,0.19689119170984457,2024-10-14
reverse_mode,22.0,Rental car: parked rental car,9,0.046632124352331605,9.0,0.046632124352331605,2024-10-14
reverse_mode,24.0,Other shared van (please specify),6,0.031088082901554404,6.0,0.031088082901554404,2024-10-14
reverse_mode,23.0,Hotel shuttle van,5,0.025906735751295335,5.0,0.025906735751295335,2024-10-14
reverse_mode,18.0,Other public transit,5,0.025906735751295335,5.0,0.025906735751295335,2024-10-14
reverse_mode,9.0,Taxi,4,0.02072538860103627,4.0,0.02072538860103627,2024-10-14
reverse_mode,17.0,Airport flyer shuttle,2,0.010362694300518135,2.0,0.010362694300518135,2024-10-14
reverse_mode,19.0,Chartered tour bus,2,0.010362694300518135,2.0,0.010362694300518135,2024-10-14
reverse_mode,1.0,Walk,1,0.0051813471502590676,1.0,0.0051813471502590676,2024-10-14
reverse_mode,11.0,Car service/black car/limo/executive car,1,0.0051813471502590676,1.0,0.0051813471502590676,2024-10-14
reverse_mode,13.0,Drove alone and parked,1,0.0051813471502590676,1.0,0.0051813471502590676,2024-10-14
reverse_mode,14.0,Drove with others and parked,1,0.0051813471502590676,1.0,0.0051813471502590676,2024-10-14
reverse_mode_predicted,12.0,Dropped off by car by family/friend,31,0.4492753623188406,31.0,0.4492753623188406,2024-10-14
reverse_mode_predicted,10.0,Uber/Lyft,22,0.3188405797101449,22.0,0.3188405797101449,2024-10-14
reverse_mode_predicted,13.0,Drove alone and parked,6,0.08695652173913043,6.0,0.08695652173913043,2024-10-14
reverse_mode_predicted,21.0,Rental car: Dropped off at rental agency,4,0.057971014492753624,4.0,0.057971014492753624,2024-10-14
reverse_mode_predicted,98.0,Other,2,0.028985507246376812,2.0,0.028985507246376812,2024-10-14
reverse_mode_predicted,16.0,MTS Route 992,1,0.014492753623188406,1.0,0.014492753623188406,2024-10-14
reverse_mode_predicted,17.0,Airport flyer shuttle,1,0.014492753623188406,1.0,0.014492753623188406,2024-10-14
reverse_mode_predicted,3.0,Bicycle: electric bikeshare,1,0.014492753623188406,1.0,0.014492753623188406,2024-10-14
reverse_mode_predicted,11.0,Car service/black car/limo/executive car,1,0.014492753623188406,1.0,0.014492753623188406,2024-10-14
other_airport_accessmode,12.0,DROPPED OFF BY CAR BY FRIEND FAMILY,15,0.5172413793103449,15.0,0.5172413793103449,2024-10-14
other_airport_accessmode,10.0,UBER LYFT,6,0.20689655172413793,6.0,0.20689655172413793,2024-10-14
other_airport_accessmode,14.0,DROVE WITH OTHERS AND PARKED,2,0.06896551724137931,2.0,0.06896551724137931,2024-10-14
other_airport_accessmode,13.0,DROVE ALONE AND PARKED,2,0.06896551724137931,2.0,0.06896551724137931,2024-10-14
other_airport_accessmode,2.0,WHEELCHAIR OR OTHER MOBILITY DEVICE,1,0.034482758620689655,1.0,0.034482758620689655,2024-10-14
other_airport_accessmode,16.0,OTHER PUBLIC TRANSIT,1,0.034482758620689655,1.0,0.034482758620689655,2024-10-14
other_airport_accessmode,1.0,WALK,1,0.034482758620689655,1.0,0.034482758620689655,2024-10-14
other_airport_accessmode,19.0,RENTAL CAR AND DROPPED IT OFF AT RENTAL AGENCY,1,0.034482758620689655,1.0,0.034482758620689655,2024-10-14
reverse_commute_mode,13.0,Get in a parked vehicle and drive alone,22,0.7333333333333333,22.0,0.7333333333333333,2024-10-14
reverse_commute_mode,12.0,Picked up by car by family/friend,3,0.1,3.0,0.1,2024-10-14
reverse_commute_mode,10.0,Uber/Lyft,2,0.06666666666666667,2.0,0.06666666666666667,2024-10-14
reverse_commute_mode,16.0,MTS Route 992,1,0.03333333333333333,1.0,0.03333333333333333,2024-10-14
reverse_commute_mode,14.0,Get in a parked vehicle and drive with others,1,0.03333333333333333,1.0,0.03333333333333333,2024-10-14
reverse_commute_mode,9.0,Taxi,1,0.03333333333333333,1.0,0.03333333333333333,2024-10-14
